gbifid,species,latitude,longitude,pa,bio1,bio2,bio3,bio4,bio5,bio6,bio7,bio8,bio9,bio10,bio11,bio12,bio13,bio14,bio15,bio16,bio17,bio18,bio19
1899816923.0,Pinus edulis,38.866005,-104.896667,1,8.0,16.6,4.2,789.0,28.7,-10.5,39.2,18.5,-1.7,18.5,-1.7,427.0,73.0,9.0,60.0,194.0,34.0,194.0,34.0
1899815588.0,Pinus edulis,38.875486,-104.883196,1,6.4,16.7,4.2,778.1,27.0,-12.1,39.1,16.7,-3.2,16.7,-3.2,452.0,76.0,10.0,59.0,204.0,38.0,204.0,38.0
1899814059.0,Pinus edulis,38.722775,-104.83934,1,5.8,16.2,4.2,778.0,26.1,-12.4,38.5,16.1,-3.8,16.1,-3.8,474.0,81.0,11.0,58.0,214.0,43.0,214.0,43.0
1899813968.0,Pinus edulis,38.864713,-104.897199,1,8.0,16.6,4.2,789.0,28.7,-10.5,39.2,18.5,-1.7,18.5,-1.7,427.0,73.0,9.0,60.0,194.0,34.0,194.0,34.0
1899812645.0,Pinus edulis,38.908459,-104.855046,1,8.2,16.4,4.1,792.9,28.9,-10.2,39.1,18.8,-1.5,18.8,-1.5,426.0,72.0,9.0,60.0,194.0,34.0,194.0,34.0
1899777590.0,Pinus edulis,36.057804,-112.135666,1,7.8,16.2,4.4,721.5,27.8,-8.5,36.3,16.9,10.6,17.3,-0.9,411.0,55.0,14.0,32.0,133.0,57.0,115.0,112.0
1899769978.0,Pinus edulis,33.016408,-105.858488,1,11.7,15.4,4.6,666.2,28.5,-4.6,33.1,19.4,10.9,20.3,3.3,432.0,85.0,11.0,64.0,221.0,50.0,200.0,74.0
1899769941.0,Pinus edulis,33.012119,-105.862205,1,11.7,15.4,4.6,666.2,28.5,-4.6,33.1,19.4,10.9,20.3,3.3,432.0,85.0,11.0,64.0,221.0,50.0,200.0,74.0
1899758798.0,Pinus edulis,37.007539,-104.479605,1,6.5,16.5,4.3,758.3,25.9,-12.4,38.3,16.4,-3.2,16.4,-3.2,492.0,84.0,17.0,53.0,217.0,59.0,217.0,59.0
1899756441.0,Pinus edulis,37.142995,-104.571188,1,9.8,16.7,4.3,778.2,29.5,-9.1,38.6,20.0,0.0,20.0,0.0,374.0,65.0,11.0,57.0,168.0,36.0,168.0,36.0
1899748813.0,Pinus edulis,37.275273,-107.892314,1,7.4,17.6,4.2,815.2,29.2,-12.6,41.8,13.7,11.1,17.9,-3.2,470.0,57.0,17.0,26.0,150.0,74.0,122.0,117.0
1898817370.0,Pinus edulis,32.983697,-105.821617,1,10.4,14.6,4.6,642.6,26.6,-5.1,31.7,17.8,9.6,18.7,2.3,492.0,97.0,12.0,65.0,253.0,57.0,231.0,87.0
1898798821.0,Pinus edulis,37.008114,-104.479753,1,6.5,16.5,4.3,758.3,25.9,-12.4,38.3,16.4,-3.2,16.4,-3.2,492.0,84.0,17.0,53.0,217.0,59.0,217.0,59.0
1896078455.0,Pinus edulis,34.914167,-111.726667,1,13.3,16.5,4.5,717.9,32.8,-3.2,36.0,22.2,16.2,22.8,4.5,550.0,66.0,11.0,36.0,172.0,62.0,136.0,163.0
1891297275.0,Pinus edulis,37.180938,-104.513472,1,9.9,16.6,4.3,777.0,29.6,-8.8,38.4,20.1,0.2,20.1,0.2,379.0,65.0,11.0,55.0,167.0,38.0,167.0,38.0
1890698863.0,Pinus edulis,37.183108,-104.515183,1,9.9,16.6,4.3,777.0,29.6,-8.8,38.4,20.1,0.2,20.1,0.2,379.0,65.0,11.0,55.0,167.0,38.0,167.0,38.0
1890698577.0,Pinus edulis,37.184475,-104.516463,1,9.9,16.6,4.3,777.0,29.6,-8.8,38.4,20.1,0.2,20.1,0.2,379.0,65.0,11.0,55.0,167.0,38.0,167.0,38.0
1890672956.0,Pinus edulis,37.764442,-113.189022,1,9.2,16.5,4.1,822.2,31.0,-8.9,39.9,3.8,12.6,20.1,-1.0,324.0,37.0,13.0,22.0,94.0,64.0,80.0,74.0
1890041792.0,Pinus edulis,38.797276,-109.622449,1,11.4,15.8,3.6,955.0,34.5,-9.2,43.7,18.3,-1.1,23.7,-1.1,243.0,28.0,12.0,21.0,77.0,49.0,60.0,49.0
1890039269.0,Pinus edulis,38.292221,-111.249725,1,10.1,15.4,3.7,887.0,31.8,-9.5,41.3,20.8,-1.2,21.7,-1.2,197.0,30.0,10.0,37.0,78.0,31.0,66.0,31.0
1883935631.0,Pinus edulis,36.528372,-105.548713,1,6.2,17.9,4.3,802.4,27.0,-14.6,41.6,15.7,-4.4,16.3,-4.4,378.0,67.0,17.0,49.0,164.0,54.0,159.0,54.0
1883923915.0,Pinus edulis,35.60733,-105.211808,1,9.1,18.7,4.6,744.2,29.2,-10.6,39.8,17.9,-0.4,18.9,-0.4,404.0,83.0,11.0,70.0,207.0,36.0,203.0,36.0
1883923724.0,Pinus edulis,35.517113,-105.245413,1,9.3,18.9,4.7,750.8,29.5,-10.5,40.0,18.2,-0.2,19.2,-0.2,397.0,82.0,11.0,69.0,204.0,36.0,198.0,36.0
1883912483.0,Pinus edulis,32.93567,-105.837495,1,11.2,14.9,4.5,653.6,27.8,-4.6,32.4,18.7,10.5,19.7,3.0,458.0,90.0,11.0,64.0,234.0,53.0,213.0,80.0
1883910876.0,Pinus edulis,34.85333,-111.789782,1,15.1,17.1,4.6,733.8,35.2,-1.9,37.1,24.2,18.1,24.8,6.1,476.0,58.0,9.0,37.0,153.0,52.0,117.0,136.0
1883909565.0,Pinus edulis,36.839636,-103.024666,1,12.4,16.9,4.1,837.6,32.9,-7.5,40.4,23.4,1.9,23.4,1.9,391.0,70.0,8.0,65.0,181.0,25.0,181.0,25.0
1883571972.0,Pinus edulis,33.793336,-110.497039,1,14.0,17.0,4.6,724.9,33.3,-3.5,36.8,23.0,17.0,23.4,5.0,463.0,78.0,10.0,48.0,181.0,39.0,150.0,125.0
1883570074.0,Pinus edulis,37.08462,-106.416454,1,1.9,16.1,4.2,745.1,21.2,-16.4,37.6,11.0,5.1,11.5,-7.5,664.0,83.0,34.0,24.0,213.0,115.0,189.0,159.0
1883536739.0,Pinus edulis,36.195681,-112.050852,1,7.3,15.7,4.3,725.9,27.1,-8.8,35.9,-0.5,10.2,16.9,-1.5,425.0,54.0,13.0,33.0,132.0,57.0,113.0,121.0
1883517859.0,Pinus edulis,36.066389,-112.146111,1,7.8,16.2,4.4,721.5,27.8,-8.5,36.3,16.9,10.6,17.3,-0.9,411.0,55.0,14.0,32.0,133.0,57.0,115.0,112.0
1883498413.0,Pinus edulis,32.735828,-105.47103,1,10.6,15.0,4.7,625.3,26.7,-5.2,31.9,17.8,6.4,18.7,2.7,448.0,91.0,11.0,69.0,239.0,52.0,220.0,67.0
1883498188.0,Pinus edulis,32.736263,-105.470863,1,10.6,15.0,4.7,625.3,26.7,-5.2,31.9,17.8,6.4,18.7,2.7,448.0,91.0,11.0,69.0,239.0,52.0,220.0,67.0
1883483427.0,Pinus edulis,32.737748,-105.470947,1,10.6,15.0,4.7,625.3,26.7,-5.2,31.9,17.8,6.4,18.7,2.7,448.0,91.0,11.0,69.0,239.0,52.0,220.0,67.0
1883482886.0,Pinus edulis,34.851987,-111.780862,1,15.1,17.1,4.6,733.8,35.2,-1.9,37.1,24.2,18.1,24.8,6.1,476.0,58.0,9.0,37.0,153.0,52.0,117.0,136.0
1883482820.0,Pinus edulis,32.740343,-105.469471,1,10.6,15.0,4.7,625.3,26.7,-5.2,31.9,17.8,6.4,18.7,2.7,448.0,91.0,11.0,69.0,239.0,52.0,220.0,67.0
1883481811.0,Pinus edulis,32.741789,-105.468155,1,10.6,15.0,4.7,625.3,26.7,-5.2,31.9,17.8,6.4,18.7,2.7,448.0,91.0,11.0,69.0,239.0,52.0,220.0,67.0
1883481785.0,Pinus edulis,32.741813,-105.468417,1,10.6,15.0,4.7,625.3,26.7,-5.2,31.9,17.8,6.4,18.7,2.7,448.0,91.0,11.0,69.0,239.0,52.0,220.0,67.0
1883474405.0,Pinus edulis,32.938483,-105.893097,1,12.7,15.8,4.6,684.2,30.0,-4.0,34.0,20.6,12.0,21.6,4.1,389.0,76.0,10.0,64.0,199.0,44.0,178.0,65.0
1883474357.0,Pinus edulis,32.937997,-105.89138,1,12.7,15.8,4.6,684.2,30.0,-4.0,34.0,20.6,12.0,21.6,4.1,389.0,76.0,10.0,64.0,199.0,44.0,178.0,65.0
1883474306.0,Pinus edulis,32.938172,-105.890817,1,12.7,15.8,4.6,684.2,30.0,-4.0,34.0,20.6,12.0,21.6,4.1,389.0,76.0,10.0,64.0,199.0,44.0,178.0,65.0
1883474297.0,Pinus edulis,32.94038,-105.89363,1,12.7,15.8,4.6,684.2,30.0,-4.0,34.0,20.6,12.0,21.6,4.1,389.0,76.0,10.0,64.0,199.0,44.0,178.0,65.0
1883473871.0,Pinus edulis,32.929547,-105.885222,1,12.7,15.8,4.6,684.2,30.0,-4.0,34.0,20.6,12.0,21.6,4.1,389.0,76.0,10.0,64.0,199.0,44.0,178.0,65.0
1883463173.0,Pinus edulis,40.294947,-108.967622,1,6.2,16.1,3.7,926.6,29.6,-13.9,43.5,13.3,-5.7,18.3,-5.7,318.0,34.0,17.0,19.0,92.0,57.0,82.0,57.0
1880650753.0,Pinus edulis,32.735488,-105.471122,1,10.6,15.0,4.7,625.3,26.7,-5.2,31.9,17.8,6.4,18.7,2.7,448.0,91.0,11.0,69.0,239.0,52.0,220.0,67.0
1880646663.0,Pinus edulis,32.953042,-105.890808,1,12.7,15.8,4.6,684.2,30.0,-4.0,34.0,20.6,12.0,21.6,4.1,389.0,76.0,10.0,64.0,199.0,44.0,178.0,65.0
1880630601.0,Pinus edulis,36.064942,-112.115766,1,7.6,16.1,4.4,720.4,27.5,-8.7,36.2,16.7,10.5,17.1,-1.1,415.0,55.0,14.0,33.0,133.0,57.0,115.0,114.0
1880630521.0,Pinus edulis,36.06244,-112.110366,1,7.6,16.1,4.4,720.4,27.5,-8.7,36.2,16.7,10.5,17.1,-1.1,415.0,55.0,14.0,33.0,133.0,57.0,115.0,114.0
1880555801.0,Pinus edulis,35.039234,-111.993141,1,12.4,16.4,4.5,716.6,31.9,-4.0,35.9,21.4,15.4,21.9,3.7,504.0,69.0,11.0,38.0,174.0,58.0,142.0,139.0
1880545336.0,Pinus edulis,37.383762,-109.072602,1,10.9,17.4,3.9,914.1,34.2,-9.9,44.1,17.7,15.3,22.7,-1.0,287.0,35.0,9.0,27.0,93.0,44.0,64.0,71.0
1880502383.0,Pinus edulis,35.011871,-112.015778,1,11.2,16.1,4.5,705.1,30.4,-4.9,35.3,20.0,14.0,20.5,2.6,532.0,75.0,12.0,39.0,187.0,61.0,155.0,146.0
1880474077.0,Pinus edulis,32.28466,-106.583137,1,12.7,16.2,4.6,693.9,30.4,-4.2,34.6,20.6,11.9,21.7,3.9,356.0,73.0,7.0,73.0,195.0,32.0,172.0,57.0
1851591205.0,Pinus edulis,37.6703,-106.600717,1,3.7,18.0,4.2,839.7,24.6,-17.6,42.2,13.6,-7.4,14.2,-7.4,372.0,56.0,20.0,34.0,143.0,68.0,125.0,68.0
1850983463.0,Pinus edulis,35.690294,-105.888138,1,8.1,16.2,4.3,738.4,27.3,-9.7,37.0,16.9,-1.2,17.7,-1.2,450.0,83.0,22.0,55.0,211.0,68.0,197.0,68.0
1850980454.0,Pinus edulis,35.000378,-106.30107,1,8.8,15.9,4.3,739.9,28.2,-8.5,36.7,17.6,12.6,18.5,-0.6,455.0,76.0,23.0,48.0,199.0,76.0,179.0,85.0
1850928894.0,Pinus edulis,36.195408,-112.050728,1,7.3,15.7,4.3,725.9,27.1,-8.8,35.9,-0.5,10.2,16.9,-1.5,425.0,54.0,13.0,33.0,132.0,57.0,113.0,121.0
1850927392.0,Pinus edulis,40.060276,-109.151665,1,8.1,17.1,3.5,1034.5,32.9,-15.0,47.9,15.6,-5.9,21.1,-5.9,249.0,29.0,13.0,22.0,76.0,44.0,63.0,44.0
1848817410.0,Pinus edulis,35.13422,-106.468012,1,10.9,16.0,4.2,785.7,30.9,-7.0,37.9,20.2,15.0,21.2,1.0,347.0,58.0,19.0,47.0,150.0,60.0,135.0,62.0
1848779150.0,Pinus edulis,35.36212,-111.514663,1,7.8,16.2,4.4,728.5,27.6,-9.0,36.6,17.0,10.9,17.4,-1.2,474.0,67.0,12.0,38.0,172.0,57.0,141.0,127.0
1848778969.0,Pinus edulis,36.065762,-112.136053,1,7.8,16.2,4.4,721.5,27.8,-8.5,36.3,16.9,10.6,17.3,-0.9,411.0,55.0,14.0,32.0,133.0,57.0,115.0,112.0
1848778093.0,Pinus edulis,36.06225,-112.139922,1,7.8,16.2,4.4,721.5,27.8,-8.5,36.3,16.9,10.6,17.3,-0.9,411.0,55.0,14.0,32.0,133.0,57.0,115.0,112.0
1848777424.0,Pinus edulis,36.05912,-112.1432,1,7.8,16.2,4.4,721.5,27.8,-8.5,36.3,16.9,10.6,17.3,-0.9,411.0,55.0,14.0,32.0,133.0,57.0,115.0,112.0
1848777200.0,Pinus edulis,36.073947,-112.12957,1,7.8,16.2,4.4,721.5,27.8,-8.5,36.3,16.9,10.6,17.3,-0.9,411.0,55.0,14.0,32.0,133.0,57.0,115.0,112.0
1848776328.0,Pinus edulis,36.070208,-112.16655,1,7.8,16.2,4.4,721.5,27.8,-8.5,36.3,16.9,10.6,17.3,-0.9,411.0,55.0,14.0,32.0,133.0,57.0,115.0,112.0
1848755410.0,Pinus edulis,35.398103,-105.409112,1,9.7,18.4,4.6,757.7,30.0,-9.8,39.8,18.7,0.1,19.6,0.1,368.0,77.0,12.0,69.0,191.0,39.0,182.0,39.0
1847636994.0,Pinus edulis,38.303552,-109.867702,1,11.0,15.7,3.6,928.4,33.7,-9.1,42.8,17.8,15.6,23.0,-1.0,248.0,29.0,10.0,25.0,83.0,47.0,64.0,53.0
1847620583.0,Pinus edulis,36.457598,-104.951828,1,8.6,18.3,4.7,743.9,28.3,-10.6,38.9,18.2,-0.8,18.2,-0.8,401.0,76.0,10.0,65.0,193.0,33.0,193.0,33.0
1847613172.0,Pinus edulis,38.796759,-109.604895,1,11.4,15.8,3.6,955.0,34.5,-9.2,43.7,18.3,-1.1,23.7,-1.1,243.0,28.0,12.0,21.0,77.0,49.0,60.0,49.0
1847598872.0,Pinus edulis,35.1505,-113.793862,1,13.7,15.4,4.4,723.0,32.9,-2.0,34.9,22.9,16.3,23.3,5.1,279.0,43.0,6.0,43.0,100.0,28.0,82.0,81.0
1847595110.0,Pinus edulis,36.434188,-112.40479,1,8.2,15.8,4.3,741.8,28.4,-8.2,36.6,0.2,11.1,18.1,-0.8,419.0,53.0,14.0,32.0,131.0,59.0,111.0,119.0
1847578046.0,Pinus edulis,34.802088,-111.764367,1,15.1,17.1,4.6,732.4,35.2,-1.9,37.1,24.2,18.1,24.8,6.2,476.0,60.0,9.0,37.0,155.0,52.0,119.0,136.0
1847566992.0,Pinus edulis,38.190732,-107.749855,1,6.8,18.2,4.2,827.2,28.8,-13.9,42.7,16.8,10.7,17.4,-3.9,425.0,49.0,23.0,20.0,137.0,89.0,118.0,89.0
1847564499.0,Pinus edulis,35.398033,-105.408523,1,9.7,18.4,4.6,757.7,30.0,-9.8,39.8,18.7,0.1,19.6,0.1,368.0,77.0,12.0,69.0,191.0,39.0,182.0,39.0
1847548758.0,Pinus edulis,35.095074,-106.392202,1,9.1,15.8,4.2,748.4,28.6,-8.3,36.9,18.0,12.9,18.9,-0.3,445.0,73.0,23.0,45.0,191.0,74.0,172.0,85.0
1847546200.0,Pinus edulis,38.787353,-109.598663,1,11.3,15.7,3.6,949.9,34.3,-9.1,43.4,18.2,-1.0,23.6,-1.0,245.0,28.0,12.0,21.0,78.0,50.0,61.0,50.0
1847538028.0,Pinus edulis,35.543957,-111.664753,1,9.4,16.1,4.3,754.7,29.5,-7.7,37.2,18.8,12.8,19.3,0.0,384.0,56.0,11.0,36.0,140.0,49.0,116.0,98.0
1847531371.0,Pinus edulis,36.128318,-109.477245,1,10.6,16.6,4.0,853.7,32.0,-8.7,40.7,21.0,14.6,21.8,-0.2,251.0,37.0,8.0,40.0,96.0,33.0,78.0,53.0
1847515167.0,Pinus edulis,33.752901,-105.571031,1,11.5,17.1,4.7,718.7,30.1,-6.2,36.3,19.9,3.3,20.9,2.4,355.0,75.0,10.0,73.0,193.0,40.0,181.0,45.0
1847490959.0,Pinus edulis,37.272792,-108.489482,1,7.0,14.9,3.8,809.6,27.6,-10.8,38.4,16.9,10.4,17.6,-3.1,501.0,56.0,18.0,25.0,153.0,78.0,126.0,125.0
1847464003.0,Pinus edulis,39.550051,-105.782067,1,-0.9,13.6,3.8,763.2,18.0,-17.3,35.3,-3.0,0.1,9.1,-10.2,671.0,69.0,41.0,16.0,194.0,140.0,182.0,155.0
1847445772.0,Pinus edulis,32.339312,-106.579309,1,11.5,15.8,4.6,673.1,28.9,-4.8,33.7,19.3,10.7,20.3,3.1,401.0,84.0,8.0,73.0,219.0,38.0,194.0,66.0
1847438673.0,Pinus edulis,35.781303,-106.279117,1,10.4,16.0,4.2,801.4,30.4,-7.6,38.0,20.0,0.3,20.8,0.3,344.0,62.0,15.0,51.0,157.0,51.0,143.0,51.0
1847413613.0,Pinus edulis,34.876419,-111.795054,1,14.1,16.6,4.5,721.9,33.8,-2.4,36.2,23.2,17.1,23.7,5.3,520.0,63.0,10.0,36.0,164.0,59.0,128.0,152.0
1847413607.0,Pinus edulis,35.520165,-111.371051,1,13.7,16.5,4.0,849.4,35.0,-5.3,40.3,23.9,17.8,24.7,2.8,229.0,39.0,6.0,44.0,95.0,27.0,76.0,49.0
1847410654.0,Pinus edulis,38.742547,-109.504906,1,12.1,16.1,3.6,952.0,35.3,-8.7,44.0,18.9,-0.4,24.3,-0.4,238.0,28.0,11.0,22.0,75.0,48.0,57.0,48.0
1846515013.0,Pinus edulis,36.30624841,-112.2541098,1,7.4,15.6,4.3,725.6,27.2,-8.6,35.8,-0.4,10.2,17.0,-1.3,446.0,56.0,14.0,32.0,141.0,61.0,118.0,129.0
1843911744.0,Pinus edulis,36.813889,-104.804167,1,7.5,17.6,4.4,768.6,27.3,-12.1,39.4,17.4,-2.4,17.4,-2.4,401.0,75.0,11.0,63.0,189.0,38.0,189.0,38.0
1843907769.0,Pinus edulis,33.16543,-109.03623,1,11.6,19.4,5.1,680.9,31.0,-6.4,37.4,20.0,14.6,20.6,3.2,478.0,85.0,12.0,58.0,223.0,42.0,184.0,111.0
1843906628.0,Pinus edulis,35.936,-105.2515,1,8.2,17.9,4.6,714.0,27.7,-10.5,38.2,16.8,-0.7,17.6,-0.7,428.0,86.0,13.0,68.0,214.0,42.0,213.0,42.0
1843906220.0,Pinus edulis,33.38066,-107.59999,1,9.8,18.9,5.0,683.9,28.7,-8.5,37.2,17.9,8.8,18.7,1.2,385.0,85.0,8.0,79.0,225.0,34.0,186.0,54.0
1843901112.0,Pinus edulis,35.78689,-103.81769,1,12.1,16.8,4.2,810.2,31.9,-7.5,39.4,22.6,1.7,22.6,1.7,395.0,77.0,8.0,71.0,198.0,27.0,198.0,27.0
1843900457.0,Pinus edulis,35.22511,-105.80181,1,9.4,17.4,4.4,769.0,29.6,-9.4,39.0,18.5,1.1,19.4,-0.5,378.0,74.0,16.0,61.0,188.0,51.0,173.0,51.0
1843900045.0,Pinus edulis,34.87444,-104.95381,1,12.3,17.6,4.5,756.8,32.0,-6.4,38.4,21.2,4.2,22.2,2.7,351.0,72.0,11.0,66.0,176.0,36.0,172.0,37.0
1843900034.0,Pinus edulis,35.580835,-105.79281,1,8.6,16.7,4.4,738.5,28.0,-9.6,37.6,17.4,-0.7,18.3,-0.7,437.0,82.0,20.0,58.0,212.0,63.0,196.0,63.0
1843899977.0,Pinus edulis,34.87444,-104.95381,1,12.3,17.6,4.5,756.8,32.0,-6.4,38.4,21.2,4.2,22.2,2.7,351.0,72.0,11.0,66.0,176.0,36.0,172.0,37.0
1843899655.0,Pinus edulis,36.95717,-107.59453,1,8.3,17.3,4.0,854.0,30.5,-12.1,42.6,14.8,12.3,19.3,-2.8,385.0,51.0,15.0,28.0,129.0,61.0,105.0,91.0
1843894716.0,Pinus edulis,35.9949,-106.87838,1,6.4,17.6,4.4,763.5,27.0,-12.6,39.6,15.6,9.9,16.3,-3.4,442.0,74.0,22.0,43.0,183.0,72.0,165.0,87.0
1843857554.0,Pinus edulis,35.267407,-105.317773,1,10.7,18.4,4.6,769.0,31.2,-8.8,40.0,19.8,1.9,20.8,0.9,328.0,69.0,10.0,69.0,171.0,33.0,163.0,34.0
1843856423.0,Pinus edulis,34.117195,-108.565106,1,6.7,19.7,5.1,681.5,26.5,-11.8,38.3,15.1,9.6,15.6,-1.8,425.0,87.0,14.0,66.0,218.0,45.0,183.0,76.0
1841330671.0,Pinus edulis,38.770775,-109.578903,1,11.5,15.8,3.6,948.5,34.5,-9.0,43.5,18.4,-0.9,23.7,-0.9,245.0,29.0,12.0,22.0,78.0,49.0,60.0,49.0
1841328210.0,Pinus edulis,38.859092,-104.842536,1,8.8,16.3,4.1,800.9,29.5,-9.7,39.2,19.5,-1.1,19.5,-1.1,416.0,71.0,9.0,61.0,190.0,33.0,190.0,33.0
1841326039.0,Pinus edulis,35.597908,-112.014725,1,9.8,16.2,4.4,733.5,29.7,-6.8,36.5,18.9,12.9,19.5,0.8,401.0,59.0,12.0,37.0,144.0,52.0,121.0,104.0
1841299359.0,Pinus edulis,38.64629,-109.735535,1,11.5,15.9,3.6,947.9,34.5,-9.1,43.6,18.4,-0.8,23.7,-0.8,239.0,28.0,11.0,23.0,77.0,49.0,59.0,49.0
1839220450.0,Pinus edulis,39.103747,-108.727732,1,10.4,15.1,3.5,934.5,32.8,-9.5,42.3,17.2,-1.7,22.5,-1.7,278.0,29.0,16.0,18.0,84.0,56.0,69.0,56.0
1838408618.0,Pinus edulis,38.093692,-108.260483,1,6.5,16.8,4.0,812.5,28.0,-13.0,41.0,16.4,10.2,17.0,-3.9,449.0,52.0,23.0,23.0,151.0,90.0,127.0,93.0
1837763719.0,Pinus edulis,39.113403,-108.317395,1,10.1,15.4,3.6,913.8,32.5,-10.0,42.5,16.8,-1.8,21.9,-1.8,297.0,32.0,18.0,18.0,90.0,59.0,71.0,59.0
1837750144.0,Pinus edulis,36.072149,-112.156119,1,7.8,16.2,4.4,721.5,27.8,-8.5,36.3,16.9,10.6,17.3,-0.9,411.0,55.0,14.0,32.0,133.0,57.0,115.0,112.0
1837746197.0,Pinus edulis,39.122987,-108.770626,1,10.0,14.6,3.4,926.5,32.3,-9.5,41.8,16.8,-1.9,22.0,-1.9,301.0,32.0,17.0,18.0,92.0,63.0,75.0,63.0
1837745668.0,Pinus edulis,39.206422,-108.951472,1,10.6,16.4,3.7,956.9,33.8,-10.5,44.3,17.5,-2.0,22.8,-2.0,245.0,27.0,14.0,19.0,75.0,49.0,60.0,49.0
1837741840.0,Pinus edulis,35.157119,-111.65792,1,7.9,16.5,4.5,712.7,27.6,-8.7,36.3,17.0,10.7,17.4,-0.8,554.0,74.0,12.0,38.0,192.0,63.0,155.0,156.0
1837738260.0,Pinus edulis,36.059993,-112.141871,1,7.8,16.2,4.4,721.5,27.8,-8.5,36.3,16.9,10.6,17.3,-0.9,411.0,55.0,14.0,32.0,133.0,57.0,115.0,112.0
1837734947.0,Pinus edulis,36.071592,-112.165694,1,7.8,16.2,4.4,721.5,27.8,-8.5,36.3,16.9,10.6,17.3,-0.9,411.0,55.0,14.0,32.0,133.0,57.0,115.0,112.0
1837099604.0,Pinus edulis,34.84523,-111.827614,1,15.0,17.1,4.6,731.8,35.1,-1.9,37.0,24.1,18.0,24.7,6.1,473.0,59.0,9.0,37.0,154.0,52.0,119.0,134.0
1837082568.0,Pinus edulis,34.947804,-111.754529,1,11.7,16.2,4.5,707.2,30.9,-4.4,35.3,20.6,14.6,21.1,3.1,584.0,72.0,12.0,37.0,185.0,66.0,149.0,174.0
1837078696.0,Pinus edulis,34.806502,-111.82381,1,15.5,17.4,4.6,741.7,35.9,-1.8,37.7,24.8,18.6,25.3,6.5,440.0,57.0,9.0,37.0,148.0,49.0,114.0,121.0
1836695739.0,Pinus edulis,34.807926,-111.829447,1,15.5,17.4,4.6,741.7,35.9,-1.8,37.7,24.8,18.6,25.3,6.5,440.0,57.0,9.0,37.0,148.0,49.0,114.0,121.0
1836694934.0,Pinus edulis,32.944997,-105.832305,1,10.0,14.3,4.5,635.9,26.1,-5.2,31.3,17.3,9.2,18.3,2.0,506.0,102.0,12.0,67.0,262.0,58.0,240.0,90.0
1836687536.0,Pinus edulis,32.991394,-108.048639,1,10.2,18.8,5.1,668.8,29.1,-7.3,36.4,18.3,13.4,19.1,1.9,451.0,93.0,10.0,72.0,243.0,44.0,207.0,82.0
1836675880.0,Pinus edulis,36.294344,-109.214016,1,8.9,15.2,3.9,821.9,29.3,-9.6,38.9,18.9,12.6,19.7,-1.5,311.0,45.0,9.0,39.0,117.0,39.0,94.0,70.0
1836664002.0,Pinus edulis,38.103008,-109.853981,1,10.9,15.5,3.6,917.6,33.3,-8.8,42.1,17.6,15.3,22.8,-0.9,254.0,30.0,10.0,25.0,85.0,45.0,66.0,57.0
1836662104.0,Pinus edulis,36.054445,-112.140111,1,7.8,16.2,4.4,721.5,27.8,-8.5,36.3,16.9,10.6,17.3,-0.9,411.0,55.0,14.0,32.0,133.0,57.0,115.0,112.0
1836610042.0,Pinus edulis,32.337222,-106.569444,1,11.5,15.8,4.6,673.1,28.9,-4.8,33.7,19.3,10.7,20.3,3.1,401.0,84.0,8.0,73.0,219.0,38.0,194.0,66.0
1836602339.0,Pinus edulis,36.782222,-103.97,1,8.5,16.2,4.3,759.2,27.6,-10.0,37.6,18.4,-1.0,18.4,-1.0,464.0,86.0,12.0,63.0,219.0,41.0,219.0,41.0
1831231799.0,Pinus edulis,36.061728,-112.107754,1,7.6,16.1,4.4,720.4,27.5,-8.7,36.2,16.7,10.5,17.1,-1.1,415.0,55.0,14.0,33.0,133.0,57.0,115.0,114.0
1831172807.0,Pinus edulis,35.726247,-105.956298,1,9.0,16.3,4.3,767.2,28.5,-9.2,37.7,18.1,-0.7,18.9,-0.7,402.0,75.0,19.0,56.0,191.0,58.0,177.0,58.0
1807306805.0,Pinus edulis,32.303056,-106.582222,1,11.8,15.8,4.6,677.1,29.2,-4.7,33.9,19.6,10.9,20.6,3.3,392.0,81.0,8.0,73.0,214.0,37.0,189.0,64.0
1807276057.0,Pinus edulis,36.048642,-112.095305,1,7.6,16.1,4.4,720.4,27.5,-8.7,36.2,16.7,10.5,17.1,-1.1,415.0,55.0,14.0,33.0,133.0,57.0,115.0,114.0
1807270799.0,Pinus edulis,36.059578,-112.105958,1,7.6,16.1,4.4,720.4,27.5,-8.7,36.2,16.7,10.5,17.1,-1.1,415.0,55.0,14.0,33.0,133.0,57.0,115.0,114.0
1806349345.0,Pinus edulis,32.807922,-108.118325,1,11.3,17.8,5.0,673.1,29.8,-5.7,35.5,19.3,10.1,20.2,3.0,432.0,90.0,9.0,72.0,234.0,41.0,200.0,79.0
1806349282.0,Pinus edulis,32.813278,-108.089911,1,11.3,17.8,5.0,673.1,29.8,-5.7,35.5,19.3,10.1,20.2,3.0,432.0,90.0,9.0,72.0,234.0,41.0,200.0,79.0
1806349243.0,Pinus edulis,32.813392,-108.089814,1,11.3,17.8,5.0,673.1,29.8,-5.7,35.5,19.3,10.1,20.2,3.0,432.0,90.0,9.0,72.0,234.0,41.0,200.0,79.0
1806348038.0,Pinus edulis,32.897745,-108.244133,1,9.8,18.1,5.0,662.5,28.3,-7.2,35.5,17.8,13.0,18.6,1.6,485.0,99.0,11.0,69.0,253.0,45.0,219.0,97.0
1806346557.0,Pinus edulis,32.898175,-108.244203,1,9.8,18.1,5.0,662.5,28.3,-7.2,35.5,17.8,13.0,18.6,1.6,485.0,99.0,11.0,69.0,253.0,45.0,219.0,97.0
1806332650.0,Pinus edulis,37.624165,-109.478177,1,10.6,15.3,3.7,894.5,32.8,-8.4,41.2,17.3,14.7,22.4,-0.8,306.0,36.0,10.0,27.0,99.0,46.0,74.0,81.0
1802793671.0,Pinus edulis,35.165578,-106.448478,1,7.9,15.5,4.3,724.0,26.9,-9.1,36.0,16.5,11.5,17.3,-1.2,505.0,83.0,26.0,45.0,216.0,82.0,195.0,99.0
1802779271.0,Pinus edulis,35.811292,-106.229111,1,10.2,15.9,4.1,798.0,30.0,-7.9,37.9,19.7,0.1,20.5,0.1,351.0,64.0,15.0,52.0,162.0,51.0,148.0,51.0
1802679458.0,Pinus edulis,38.717648,-109.456902,1,10.8,15.4,3.6,930.9,33.4,-9.2,42.6,17.7,-1.2,22.9,-1.2,273.0,31.0,13.0,21.0,85.0,57.0,67.0,57.0
1802627898.0,Pinus edulis,38.684497,-109.53163,1,11.4,15.7,3.6,939.8,34.3,-8.9,43.2,18.3,-0.7,23.6,-0.7,255.0,30.0,12.0,21.0,81.0,53.0,62.0,53.0
1703170129.0,Pinus edulis,31.9138,-104.799878,1,13.7,15.0,4.5,654.6,30.0,-2.8,32.8,22.1,9.6,22.1,5.2,193.0,42.0,2.0,86.0,108.0,8.0,108.0,14.0
1703163579.0,Pinus edulis,35.8125,-112.108612,1,9.3,16.4,4.4,733.9,29.4,-7.4,36.8,18.5,12.3,18.9,0.3,380.0,55.0,12.0,36.0,133.0,50.0,113.0,99.0
1703143305.0,Pinus edulis,37.435615,-113.20211,1,9.5,16.1,4.1,786.5,30.5,-7.9,38.4,1.2,12.7,20.0,-0.1,397.0,48.0,13.0,26.0,127.0,66.0,88.0,112.0
1702471578.0,Pinus edulis,37.609684,-109.984303,1,10.0,14.0,3.5,878.9,31.2,-8.1,39.3,16.7,14.1,21.6,-1.1,291.0,35.0,10.0,27.0,96.0,45.0,76.0,71.0
1699366972.0,Pinus edulis,38.815813,-106.086686,1,5.3,17.7,4.3,800.2,26.8,-14.0,40.8,15.0,-4.7,15.8,-4.7,280.0,50.0,9.0,52.0,125.0,33.0,119.0,33.0
1677335606.0,Pinus edulis,37.146797,-112.541406,1,10.7,17.4,4.3,788.8,32.4,-7.7,40.1,2.3,14.0,21.1,0.9,350.0,43.0,12.0,29.0,117.0,52.0,78.0,112.0
1677330986.0,Pinus edulis,36.678047,-110.541358,1,10.4,13.4,3.6,841.1,30.6,-6.6,37.2,20.7,14.2,21.5,-0.1,267.0,36.0,8.0,33.0,94.0,36.0,76.0,62.0
1677311024.0,Pinus edulis,36.67,-105.686944,1,6.8,18.0,4.2,839.3,28.2,-14.5,42.7,16.7,-4.4,17.4,-4.4,312.0,56.0,13.0,48.0,138.0,44.0,130.0,44.0
1677292337.0,Pinus edulis,34.854638,-111.782744,1,15.1,17.1,4.6,733.8,35.2,-1.9,37.1,24.2,18.1,24.8,6.1,476.0,58.0,9.0,37.0,153.0,52.0,117.0,136.0
1677291442.0,Pinus edulis,35.69887,-105.911365,1,8.1,16.2,4.3,738.4,27.3,-9.7,37.0,16.9,-1.2,17.7,-1.2,450.0,83.0,22.0,55.0,211.0,68.0,197.0,68.0
1677278976.0,Pinus edulis,35.895753,-106.294248,1,8.2,14.9,4.0,760.2,27.2,-9.3,36.5,17.2,-1.5,18.1,-1.5,445.0,78.0,23.0,47.0,196.0,74.0,180.0,74.0
1677272479.0,Pinus edulis,37.02089,-112.009577,1,11.9,16.0,4.0,829.2,33.4,-6.2,39.6,22.1,15.7,22.8,1.5,232.0,30.0,8.0,28.0,72.0,35.0,60.0,65.0
1677270544.0,Pinus edulis,35.655365,-105.28344,1,8.9,18.0,4.6,729.9,28.5,-10.1,38.6,17.6,-0.3,18.5,-0.3,414.0,86.0,11.0,71.0,214.0,38.0,209.0,38.0
1677269188.0,Pinus edulis,37.429932,-111.801845,1,9.7,16.0,4.0,809.4,30.9,-8.5,39.4,19.6,13.3,20.3,-0.5,250.0,36.0,9.0,30.0,85.0,39.0,70.0,63.0
1671730946.0,Pinus edulis,36.376628,-105.548438,1,7.7,18.1,4.2,823.9,28.8,-13.4,42.2,17.4,-3.2,18.2,-3.2,342.0,61.0,14.0,50.0,151.0,46.0,145.0,46.0
1671716886.0,Pinus edulis,36.196164,-112.051606,1,7.3,15.7,4.3,725.9,27.1,-8.8,35.9,-0.5,10.2,16.9,-1.5,425.0,54.0,13.0,33.0,132.0,57.0,113.0,121.0
1668879494.0,Pinus edulis,35.210114,-106.448904,1,4.9,15.1,4.4,669.8,23.0,-11.0,34.0,12.9,8.0,13.7,-3.4,644.0,106.0,33.0,45.0,271.0,103.0,248.0,132.0
1668864278.0,Pinus edulis,40.237736,-110.603914,1,6.2,16.1,3.7,897.3,28.7,-14.0,42.7,13.1,-3.5,17.7,-5.6,292.0,30.0,21.0,12.0,87.0,65.0,77.0,66.0
1668806815.0,Pinus edulis,35.78339,-106.275031,1,10.4,16.0,4.2,801.4,30.4,-7.6,38.0,20.0,0.3,20.8,0.3,344.0,62.0,15.0,51.0,157.0,51.0,143.0,51.0
1668805744.0,Pinus edulis,36.95728,-102.966684,1,12.3,16.9,4.1,838.4,32.8,-7.6,40.4,20.9,1.8,23.3,1.8,396.0,71.0,8.0,64.0,182.0,26.0,182.0,26.0
1668803478.0,Pinus edulis,36.956494,-102.971908,1,12.3,16.9,4.1,838.4,32.8,-7.6,40.4,20.9,1.8,23.3,1.8,396.0,71.0,8.0,64.0,182.0,26.0,182.0,26.0
1668803476.0,Pinus edulis,36.951868,-102.947806,1,12.6,17.1,4.1,848.2,33.3,-7.6,40.9,21.3,1.9,23.7,1.9,389.0,70.0,8.0,65.0,180.0,25.0,180.0,25.0
1668801598.0,Pinus edulis,36.781384,-103.968201,1,8.5,16.2,4.3,759.2,27.6,-10.0,37.6,18.4,-1.0,18.4,-1.0,464.0,86.0,12.0,63.0,219.0,41.0,219.0,41.0
1668801587.0,Pinus edulis,35.6716,-106.078545,1,10.3,16.3,4.3,803.0,30.2,-7.7,37.9,19.9,0.3,20.7,0.3,350.0,64.0,16.0,53.0,164.0,50.0,150.0,50.0
1668800532.0,Pinus edulis,36.22587,-112.184169,1,10.2,16.4,4.3,768.1,30.9,-6.9,37.8,19.8,13.4,20.3,0.8,327.0,44.0,11.0,32.0,106.0,46.0,91.0,88.0
1668794373.0,Pinus edulis,37.671819,-113.035777,1,7.7,16.7,4.2,789.2,29.2,-10.1,39.3,17.7,10.8,18.2,-2.0,383.0,44.0,15.0,23.0,111.0,72.0,95.0,94.0
1668789515.0,Pinus edulis,35.716,-105.93435,1,9.0,16.3,4.3,767.2,28.5,-9.2,37.7,18.1,-0.7,18.9,-0.7,402.0,75.0,19.0,56.0,191.0,58.0,177.0,58.0
1668788496.0,Pinus edulis,36.78158,-103.967948,1,8.5,16.2,4.3,759.2,27.6,-10.0,37.6,18.4,-1.0,18.4,-1.0,464.0,86.0,12.0,63.0,219.0,41.0,219.0,41.0
1668788441.0,Pinus edulis,35.0324,-106.3674,1,9.1,15.9,4.2,747.0,28.7,-8.3,37.0,18.0,12.9,18.9,-0.3,445.0,74.0,23.0,46.0,193.0,74.0,173.0,84.0
1662963169.0,Pinus edulis,35.526059,-115.585586,1,11.4,13.5,4.0,728.3,30.2,-3.5,33.7,3.7,13.9,21.2,2.8,312.0,41.0,6.0,41.0,110.0,36.0,77.0,106.0
1662329687.0,Pinus edulis,35.2624,-115.328283,1,12.6,12.8,3.9,724.8,31.0,-1.8,32.8,4.9,15.1,22.3,4.0,312.0,44.0,6.0,42.0,109.0,33.0,81.0,103.0
1640048447.0,Pinus edulis,35.037235,-108.347447,1,8.5,18.5,4.6,772.4,29.4,-10.8,40.2,17.9,12.0,18.5,-1.3,352.0,63.0,14.0,49.0,155.0,46.0,131.0,72.0
1640033008.0,Pinus edulis,35.673303,-105.891778,1,8.1,16.2,4.3,738.4,27.3,-9.7,37.0,16.9,-1.2,17.7,-1.2,450.0,83.0,22.0,55.0,211.0,68.0,197.0,68.0
1640032990.0,Pinus edulis,36.400487,-106.203828,1,6.5,16.8,4.2,778.7,26.9,-12.7,39.6,15.9,-3.5,16.6,-3.5,398.0,70.0,22.0,44.0,168.0,69.0,156.0,69.0
1640032543.0,Pinus edulis,33.399197,-105.889328,1,11.6,16.3,4.6,702.0,29.4,-5.6,35.0,19.8,10.9,20.8,2.8,392.0,79.0,11.0,68.0,206.0,49.0,187.0,61.0
1640032082.0,Pinus edulis,32.957172,-105.905092,1,12.7,15.8,4.6,684.2,30.0,-4.0,34.0,20.6,12.0,21.6,4.1,389.0,76.0,10.0,64.0,199.0,44.0,178.0,65.0
1640031120.0,Pinus edulis,36.776523,-103.976262,1,8.5,16.2,4.3,759.2,27.6,-10.0,37.6,18.4,-1.0,18.4,-1.0,464.0,86.0,12.0,63.0,219.0,41.0,219.0,41.0
1640029592.0,Pinus edulis,35.085908,-106.396885,1,9.1,15.8,4.2,748.4,28.6,-8.3,36.9,18.0,12.9,18.9,-0.3,445.0,73.0,23.0,45.0,191.0,74.0,172.0,85.0
1640029428.0,Pinus edulis,35.780271,-106.272179,1,10.4,16.0,4.2,801.4,30.4,-7.6,38.0,20.0,0.3,20.8,0.3,344.0,62.0,15.0,51.0,157.0,51.0,143.0,51.0
1640029354.0,Pinus edulis,36.644999,-104.499445,1,9.7,18.3,4.4,800.7,30.1,-10.8,40.9,20.0,-0.5,20.0,-0.5,355.0,74.0,7.0,77.0,187.0,22.0,187.0,22.0
1640029217.0,Pinus edulis,35.301851,-105.307997,1,10.3,18.5,4.6,762.5,30.6,-9.2,39.8,19.3,1.6,20.3,0.6,345.0,73.0,10.0,70.0,180.0,35.0,172.0,35.0
1621792194.0,Pinus edulis,36.831,-112.254,1,8.6,15.9,4.2,768.5,29.2,-8.5,37.7,0.3,11.7,18.7,-0.9,380.0,47.0,13.0,30.0,118.0,55.0,98.0,109.0
1586948883.0,Pinus edulis,35.998592,-111.987555,1,7.0,15.7,4.4,713.7,26.6,-9.0,35.6,16.0,9.9,16.5,-1.6,444.0,58.0,14.0,33.0,143.0,59.0,123.0,126.0
1586149134.0,Pinus edulis,37.0344,-112.735326,1,10.4,16.9,4.3,778.8,31.7,-7.5,39.2,2.1,13.6,20.7,0.8,372.0,43.0,12.0,28.0,121.0,55.0,87.0,113.0
1586119865.0,Pinus edulis,36.402544,-113.147507,1,8.8,15.3,4.3,725.3,28.6,-6.9,35.5,1.0,11.5,18.5,0.2,449.0,56.0,14.0,33.0,141.0,62.0,119.0,130.0
1584415406.0,Pinus edulis,35.229804,-112.183177,1,8.0,15.2,4.5,680.7,26.5,-7.2,33.7,16.6,10.6,17.0,-0.2,575.0,83.0,14.0,40.0,204.0,66.0,172.0,162.0
1584410747.0,Pinus edulis,37.84569,-106.289723,1,4.8,17.5,4.1,850.3,25.5,-16.6,42.1,14.7,-6.6,15.4,-6.6,259.0,45.0,10.0,49.0,115.0,34.0,104.0,34.0
1575226312.0,Pinus edulis,35.263419,-115.308748,1,12.6,12.8,3.9,724.8,31.0,-1.8,32.8,4.9,15.1,22.3,4.0,312.0,44.0,6.0,42.0,109.0,33.0,81.0,103.0
1572402373.0,Pinus edulis,37.746425,-111.453875,1,10.3,15.4,3.8,856.8,31.7,-8.6,40.3,20.7,14.3,21.5,-0.6,221.0,33.0,9.0,32.0,80.0,37.0,66.0,48.0
1572385655.0,Pinus edulis,35.371243,-111.490822,1,7.8,16.1,4.4,729.7,27.5,-9.0,36.5,16.9,10.9,17.4,-1.2,470.0,66.0,12.0,38.0,170.0,56.0,139.0,126.0
1572366924.0,Pinus edulis,34.863619,-111.781534,1,15.1,17.1,4.6,733.8,35.2,-1.9,37.1,24.2,18.1,24.8,6.1,476.0,58.0,9.0,37.0,153.0,52.0,117.0,136.0
1572330397.0,Pinus edulis,36.686404,-110.540774,1,10.4,13.4,3.6,841.1,30.6,-6.6,37.2,20.7,14.2,21.5,-0.1,267.0,36.0,8.0,33.0,94.0,36.0,76.0,62.0
1571125412.0,Pinus edulis,38.298783,-111.298753,1,9.0,15.6,3.8,861.7,30.5,-10.3,40.8,19.5,-2.0,20.3,-2.0,211.0,33.0,11.0,38.0,84.0,34.0,72.0,34.0
1571109996.0,Pinus edulis,35.820043,-112.093334,1,9.3,16.4,4.4,733.9,29.4,-7.4,36.8,18.5,12.3,18.9,0.3,380.0,55.0,12.0,36.0,133.0,50.0,113.0,99.0
1571075318.0,Pinus edulis,36.459096,-112.488604,1,9.1,16.1,4.3,750.6,29.6,-7.6,37.2,1.1,12.1,19.1,0.0,390.0,50.0,13.0,31.0,120.0,55.0,104.0,110.0
1571073296.0,Pinus edulis,36.541877,-107.870959,1,9.9,15.6,3.8,865.4,31.4,-9.2,40.6,20.3,14.0,21.1,-1.2,278.0,41.0,13.0,34.0,103.0,44.0,87.0,56.0
1571063838.0,Pinus edulis,33.399247,-105.893233,1,11.6,16.3,4.6,702.0,29.4,-5.6,35.0,19.8,10.9,20.8,2.8,392.0,79.0,11.0,68.0,206.0,49.0,187.0,61.0
1571061463.0,Pinus edulis,39.075135,-108.724817,1,9.0,14.4,3.5,902.8,31.0,-9.9,40.9,15.8,-2.5,20.8,-2.5,343.0,35.0,20.0,17.0,102.0,72.0,85.0,72.0
1571061438.0,Pinus edulis,39.075226,-108.724777,1,9.0,14.4,3.5,902.8,31.0,-9.9,40.9,15.8,-2.5,20.8,-2.5,343.0,35.0,20.0,17.0,102.0,72.0,85.0,72.0
1571059678.0,Pinus edulis,38.871468,-106.15697,1,4.9,17.7,4.3,806.2,26.5,-14.6,41.1,14.7,-5.2,15.4,-5.2,286.0,50.0,10.0,50.0,125.0,36.0,120.0,36.0
1563442231.0,Pinus edulis,34.520812,-111.549935,1,10.9,16.2,4.6,699.5,30.0,-5.2,35.2,19.7,13.7,20.2,2.4,652.0,88.0,12.0,41.0,221.0,64.0,179.0,195.0
1562888532.0,Pinus edulis,37.690547,-113.041411,1,7.7,16.7,4.2,789.2,29.2,-10.1,39.3,17.7,10.8,18.2,-2.0,383.0,44.0,15.0,23.0,111.0,72.0,95.0,94.0
1500324455.0,Pinus edulis,35.356089,-112.202556,1,9.3,15.6,4.4,700.0,28.3,-6.4,34.7,18.1,12.1,18.6,0.9,492.0,73.0,13.0,39.0,178.0,59.0,150.0,133.0
1500200970.0,Pinus edulis,31.707778,-104.783333,1,15.3,15.9,4.6,688.3,32.3,-2.2,34.5,24.1,11.2,24.1,6.3,196.0,39.0,3.0,82.0,102.0,9.0,102.0,16.0
1457598453.0,Pinus edulis,38.402411,-105.293312,1,8.0,17.6,4.3,782.3,28.8,-11.4,40.2,18.2,-1.9,18.2,-1.9,360.0,61.0,10.0,50.0,151.0,38.0,151.0,38.0
1457588068.0,Pinus edulis,39.100903,-108.703828,1,10.9,15.9,3.6,949.4,33.8,-9.8,43.6,17.8,-1.6,23.1,-1.6,239.0,25.0,14.0,19.0,73.0,47.0,59.0,47.0
1457583931.0,Pinus edulis,32.897512,-108.244207,1,9.8,18.1,5.0,662.5,28.3,-7.2,35.5,17.8,13.0,18.6,1.6,485.0,99.0,11.0,69.0,253.0,45.0,219.0,97.0
1457582252.0,Pinus edulis,37.142418,-104.569182,1,9.8,16.7,4.3,778.2,29.5,-9.1,38.6,20.0,0.0,20.0,0.0,374.0,65.0,11.0,57.0,168.0,36.0,168.0,36.0
1457581839.0,Pinus edulis,39.097041,-108.730718,1,10.4,15.1,3.5,934.5,32.8,-9.5,42.3,17.2,-1.7,22.5,-1.7,278.0,29.0,16.0,18.0,84.0,56.0,69.0,56.0
1457581827.0,Pinus edulis,38.590868,-113.421234,1,9.6,18.2,4.1,887.7,33.6,-10.6,44.2,20.7,-1.6,21.4,-1.6,216.0,26.0,11.0,27.0,70.0,34.0,60.0,34.0
1457581625.0,Pinus edulis,38.209013,-107.743349,1,6.9,18.2,4.2,834.3,29.0,-13.9,42.9,17.0,-3.9,17.6,-3.9,405.0,47.0,22.0,21.0,132.0,84.0,113.0,84.0
1457581610.0,Pinus edulis,38.790047,-109.606047,1,11.3,15.7,3.6,949.9,34.3,-9.1,43.4,18.2,-1.0,23.6,-1.0,245.0,28.0,12.0,21.0,78.0,50.0,61.0,50.0
1457581176.0,Pinus edulis,39.470741,-107.219709,1,5.3,17.8,4.0,870.8,28.3,-15.3,43.6,12.0,-4.2,16.5,-6.0,411.0,38.0,27.0,10.0,113.0,97.0,101.0,97.0
1457578211.0,Pinus edulis,38.795781,-109.606823,1,11.4,15.8,3.6,955.0,34.5,-9.2,43.7,18.3,-1.1,23.7,-1.1,243.0,28.0,12.0,21.0,77.0,49.0,60.0,49.0
1455570134.0,Pinus edulis,36.372822,-105.553405,1,6.8,17.9,4.3,788.7,27.4,-13.6,41.0,16.2,-3.5,16.9,-3.5,390.0,70.0,18.0,50.0,172.0,55.0,167.0,55.0
1453501177.0,Pinus edulis,38.789064,-109.601809,1,11.3,15.7,3.6,949.9,34.3,-9.1,43.4,18.2,-1.0,23.6,-1.0,245.0,28.0,12.0,21.0,78.0,50.0,61.0,50.0
1453486996.0,Pinus edulis,35.359271,-112.04911,1,8.4,15.5,4.4,695.1,27.4,-7.3,34.7,17.2,11.1,17.6,0.0,522.0,75.0,14.0,39.0,185.0,63.0,156.0,144.0
1453349174.0,Pinus edulis,31.895515,-104.841122,1,11.9,14.4,4.6,620.7,27.6,-3.6,31.2,19.9,7.8,19.9,3.9,284.0,55.0,5.0,81.0,155.0,19.0,155.0,26.0
1453334037.0,Pinus edulis,35.237998,-112.191523,1,8.0,15.2,4.5,680.7,26.5,-7.2,33.7,16.6,10.6,17.0,-0.2,575.0,83.0,14.0,40.0,204.0,66.0,172.0,162.0
1453331673.0,Pinus edulis,38.871484,-104.878406,1,8.0,16.6,4.2,789.0,28.7,-10.5,39.2,18.5,-1.7,18.5,-1.7,427.0,73.0,9.0,60.0,194.0,34.0,194.0,34.0
1453323570.0,Pinus edulis,36.058908,-112.147673,1,7.8,16.2,4.4,721.5,27.8,-8.5,36.3,16.9,10.6,17.3,-0.9,411.0,55.0,14.0,32.0,133.0,57.0,115.0,112.0
1453294902.0,Pinus edulis,40.627487,-111.743005,1,4.4,13.6,3.7,790.7,25.1,-11.4,36.5,-4.2,14.9,14.9,-5.1,813.0,96.0,35.0,32.0,271.0,114.0,114.0,265.0
1453288054.0,Pinus edulis,36.233157,-111.971626,1,5.9,14.8,4.2,707.3,25.1,-9.5,34.6,-1.8,8.6,15.3,-2.6,496.0,59.0,15.0,33.0,161.0,65.0,128.0,149.0
1453255485.0,Pinus edulis,35.452238,-114.171578,1,14.0,14.0,4.0,740.3,33.0,-1.3,34.3,23.4,16.7,23.8,5.1,256.0,37.0,5.0,41.0,87.0,27.0,71.0,76.0
1453255473.0,Pinus edulis,35.13992,-113.966133,1,15.1,14.8,4.2,740.0,34.2,-0.7,34.9,24.5,17.8,24.9,6.2,227.0,33.0,4.0,42.0,78.0,23.0,62.0,67.0
1453229416.0,Pinus edulis,36.058723,-112.137373,1,7.8,16.2,4.4,721.5,27.8,-8.5,36.3,16.9,10.6,17.3,-0.9,411.0,55.0,14.0,32.0,133.0,57.0,115.0,112.0
1453187470.0,Pinus edulis,38.205617,-111.197679,1,10.1,15.0,3.6,881.7,31.5,-9.3,40.8,20.8,-1.2,21.6,-1.2,206.0,32.0,10.0,37.0,81.0,34.0,68.0,34.0
1453156461.0,Pinus edulis,36.051314,-112.1339,1,7.8,16.2,4.4,721.5,27.8,-8.5,36.3,16.9,10.6,17.3,-0.9,411.0,55.0,14.0,32.0,133.0,57.0,115.0,112.0
1453156318.0,Pinus edulis,36.056935,-112.140026,1,7.8,16.2,4.4,721.5,27.8,-8.5,36.3,16.9,10.6,17.3,-0.9,411.0,55.0,14.0,32.0,133.0,57.0,115.0,112.0
1453114992.0,Pinus edulis,35.525765,-111.543267,1,10.4,16.1,4.2,773.3,30.7,-7.1,37.8,19.9,13.8,20.5,0.7,354.0,53.0,10.0,39.0,133.0,44.0,109.0,87.0
1453098586.0,Pinus edulis,36.052289,-112.082396,1,7.5,16.0,4.4,721.3,27.4,-8.7,36.1,16.6,10.4,17.0,-1.2,418.0,55.0,13.0,34.0,134.0,56.0,115.0,117.0
1453095883.0,Pinus edulis,36.067417,-112.157622,1,7.8,16.2,4.4,721.5,27.8,-8.5,36.3,16.9,10.6,17.3,-0.9,411.0,55.0,14.0,32.0,133.0,57.0,115.0,112.0
1453095070.0,Pinus edulis,36.057239,-112.136953,1,7.8,16.2,4.4,721.5,27.8,-8.5,36.3,16.9,10.6,17.3,-0.9,411.0,55.0,14.0,32.0,133.0,57.0,115.0,112.0
1453087211.0,Pinus edulis,36.062025,-112.10958,1,7.6,16.1,4.4,720.4,27.5,-8.7,36.2,16.7,10.5,17.1,-1.1,415.0,55.0,14.0,33.0,133.0,57.0,115.0,114.0
1453086976.0,Pinus edulis,32.02933,-109.315833,1,11.9,16.6,4.9,623.9,29.5,-3.9,33.4,19.2,15.1,20.0,4.1,544.0,115.0,9.0,67.0,272.0,45.0,236.0,123.0
1453067429.0,Pinus edulis,36.680602,-110.534317,1,10.4,13.4,3.6,841.1,30.6,-6.6,37.2,20.7,14.2,21.5,-0.1,267.0,36.0,8.0,33.0,94.0,36.0,76.0,62.0
1322998099.0,Pinus edulis,36.780862,-103.968884,1,8.5,16.2,4.3,759.2,27.6,-10.0,37.6,18.4,-1.0,18.4,-1.0,464.0,86.0,12.0,63.0,219.0,41.0,219.0,41.0
1306585988.0,Pinus edulis,36.130933,-109.478331,1,10.6,16.6,4.0,853.7,32.0,-8.7,40.7,21.0,14.6,21.8,-0.2,251.0,37.0,8.0,40.0,96.0,33.0,78.0,53.0
1305158725.0,Pinus edulis,36.943564,-104.377264,1,6.7,16.4,4.3,755.4,26.0,-12.1,38.1,16.6,-2.9,16.6,-2.9,491.0,86.0,16.0,57.0,223.0,54.0,223.0,54.0
1305128729.0,Pinus edulis,36.781466,-103.968097,1,8.5,16.2,4.3,759.2,27.6,-10.0,37.6,18.4,-1.0,18.4,-1.0,464.0,86.0,12.0,63.0,219.0,41.0,219.0,41.0
1305125528.0,Pinus edulis,36.780802,-103.970856,1,8.5,16.2,4.3,759.2,27.6,-10.0,37.6,18.4,-1.0,18.4,-1.0,464.0,86.0,12.0,63.0,219.0,41.0,219.0,41.0
1305120526.0,Pinus edulis,35.777894,-106.263236,1,10.4,16.0,4.2,801.4,30.4,-7.6,38.0,20.0,0.3,20.8,0.3,344.0,62.0,15.0,51.0,157.0,51.0,143.0,51.0
1291661417.0,Pinus edulis,37.51782,-110.730017,1,14.5,15.8,3.6,968.3,37.4,-6.2,43.6,21.4,19.6,27.0,1.9,126.0,16.0,5.0,30.0,46.0,23.0,34.0,25.0
1291660387.0,Pinus edulis,36.689009,-110.532964,1,10.4,13.4,3.6,841.1,30.6,-6.6,37.2,20.7,14.2,21.5,-0.1,267.0,36.0,8.0,33.0,94.0,36.0,76.0,62.0
1291660258.0,Pinus edulis,34.807613,-111.770255,1,15.1,17.1,4.6,732.4,35.2,-1.9,37.1,24.2,18.1,24.8,6.2,476.0,60.0,9.0,37.0,155.0,52.0,119.0,136.0
1291138254.0,Pinus edulis,38.31707,-109.849548,1,11.0,15.7,3.6,928.4,33.7,-9.1,42.8,17.8,15.6,23.0,-1.0,248.0,29.0,10.0,25.0,83.0,47.0,64.0,53.0
1291099619.0,Pinus edulis,34.890788,-111.741296,1,13.3,16.5,4.5,717.9,32.8,-3.2,36.0,22.2,16.2,22.8,4.5,550.0,66.0,11.0,36.0,172.0,62.0,136.0,163.0
1291080429.0,Pinus edulis,36.778203,-103.979907,1,8.5,16.2,4.3,759.2,27.6,-10.0,37.6,18.4,-1.0,18.4,-1.0,464.0,86.0,12.0,63.0,219.0,41.0,219.0,41.0
1272100830.0,Pinus edulis,39.587447,-107.760987,1,7.4,17.9,4.0,874.1,30.4,-13.5,43.9,13.9,-2.0,18.6,-4.1,378.0,37.0,25.0,11.0,106.0,85.0,91.0,85.0
1272074538.0,Pinus edulis,38.671332,-107.799515,1,7.7,16.9,3.9,862.6,29.8,-12.5,42.3,14.2,-3.6,18.8,-3.6,347.0,37.0,20.0,19.0,108.0,71.0,90.0,71.0
1269570158.0,Pinus edulis,35.861182,-106.221355,1,9.9,15.7,4.1,794.0,29.6,-8.1,37.7,19.3,-0.1,20.2,-0.1,358.0,65.0,16.0,52.0,164.0,52.0,150.0,52.0
1269569930.0,Pinus edulis,35.86001,-106.223677,1,9.9,15.7,4.1,794.0,29.6,-8.1,37.7,19.3,-0.1,20.2,-0.1,358.0,65.0,16.0,52.0,164.0,52.0,150.0,52.0
1269555010.0,Pinus edulis,35.68966,-105.887767,1,8.1,16.2,4.3,738.4,27.3,-9.7,37.0,16.9,-1.2,17.7,-1.2,450.0,83.0,22.0,55.0,211.0,68.0,197.0,68.0
1265543937.0,Pinus edulis,32.147135,-109.446387,1,14.3,17.4,5.0,661.6,32.5,-2.3,34.8,22.2,17.6,23.0,6.1,426.0,90.0,7.0,69.0,217.0,33.0,186.0,95.0
1262372266.0,Pinus edulis,39.573842,-105.365323,1,3.6,16.8,4.3,740.8,24.0,-14.2,38.2,13.4,-5.5,13.4,-5.5,476.0,67.0,17.0,41.0,180.0,60.0,180.0,60.0
1261416995.0,Pinus edulis,39.96666,-107.85,1,5.1,17.6,4.1,843.6,27.8,-14.8,42.6,3.9,-5.7,16.0,-5.7,450.0,43.0,31.0,10.0,125.0,101.0,111.0,101.0
1261022196.0,Pinus edulis,35.27111,-107.67472,1,6.7,16.6,4.4,745.9,26.4,-11.3,37.7,15.6,10.2,16.4,-2.8,414.0,74.0,18.0,50.0,186.0,57.0,159.0,82.0
1259876708.0,Pinus edulis,39.74555,-104.96555,1,10.1,15.3,3.8,835.9,30.8,-8.6,39.4,18.6,-0.1,21.3,-0.1,404.0,67.0,13.0,46.0,162.0,44.0,135.0,44.0
1258668045.0,Pinus edulis,36.03194,-111.83111,1,7.6,15.6,4.2,735.5,27.5,-8.8,36.3,16.8,10.7,17.3,-1.4,398.0,53.0,12.0,33.0,131.0,54.0,111.0,110.0
1249281212.0,Pinus edulis,35.086831,-106.398475,1,9.1,15.8,4.2,748.4,28.6,-8.3,36.9,18.0,12.9,18.9,-0.3,445.0,73.0,23.0,45.0,191.0,74.0,172.0,85.0
1228506437.0,Pinus edulis,40.0,-110.0,1,7.8,16.5,3.5,1023.5,31.8,-15.1,46.9,15.3,-6.2,20.6,-6.2,208.0,23.0,11.0,22.0,67.0,38.0,58.0,38.0
1228342589.0,Pinus edulis,39.0,-105.0,1,2.0,15.8,4.2,755.0,21.7,-15.8,37.5,11.9,-7.3,11.9,-7.3,551.0,90.0,15.0,52.0,236.0,59.0,236.0,59.0
1227772677.0,Pinus edulis,31.898318,-104.826976,1,13.7,15.0,4.5,654.6,30.0,-2.8,32.8,22.1,9.6,22.1,5.2,193.0,42.0,2.0,86.0,108.0,8.0,108.0,14.0
1143520276.0,Pinus edulis,36.062699,-112.115135,1,7.6,16.1,4.4,720.4,27.5,-8.7,36.2,16.7,10.5,17.1,-1.1,415.0,55.0,14.0,33.0,133.0,57.0,115.0,114.0
1143520270.0,Pinus edulis,35.998637,-111.98714,1,7.0,15.7,4.4,713.7,26.6,-9.0,35.6,16.0,9.9,16.5,-1.6,444.0,58.0,14.0,33.0,143.0,59.0,123.0,126.0
1143517727.0,Pinus edulis,36.035896,-111.816621,1,7.6,15.6,4.2,735.5,27.5,-8.8,36.3,16.8,10.7,17.3,-1.4,398.0,53.0,12.0,33.0,131.0,54.0,111.0,110.0
1098265656.0,Pinus edulis,39.7456,-104.9656,1,10.1,15.3,3.8,835.9,30.8,-8.6,39.4,18.6,-0.1,21.3,-0.1,404.0,67.0,13.0,46.0,162.0,44.0,135.0,44.0
1097862298.0,Pinus edulis,40.65,-112.17,1,5.7,13.2,3.5,814.2,26.9,-10.3,37.2,-0.3,16.6,16.6,-4.1,698.0,83.0,32.0,27.0,223.0,106.0,106.0,208.0
1097334304.0,Pinus edulis,38.9124,-114.1592,1,8.1,17.5,4.2,806.5,31.1,-10.3,41.4,6.1,-0.6,19.0,-1.6,319.0,35.0,19.0,18.0,96.0,63.0,79.0,64.0
1097305247.0,Pinus edulis,36.8831,-104.935,1,5.8,17.5,4.3,771.9,25.9,-14.0,39.9,15.7,-4.2,15.7,-4.2,430.0,75.0,15.0,55.0,191.0,50.0,191.0,50.0
1097187646.0,Pinus edulis,36.8831,-104.935,1,5.8,17.5,4.3,771.9,25.9,-14.0,39.9,15.7,-4.2,15.7,-4.2,430.0,75.0,15.0,55.0,191.0,50.0,191.0,50.0
1097085509.0,Pinus edulis,39.7456,-104.9656,1,10.1,15.3,3.8,835.9,30.8,-8.6,39.4,18.6,-0.1,21.3,-0.1,404.0,67.0,13.0,46.0,162.0,44.0,135.0,44.0
1097013497.0,Pinus edulis,40.89433,-109.1755,1,7.5,17.2,3.9,893.8,31.3,-12.5,43.8,11.8,-4.0,19.1,-4.0,239.0,29.0,9.0,29.0,79.0,36.0,62.0,36.0
1065587866.0,Pinus edulis,39.420258,-107.2224,1,6.1,17.9,4.0,881.3,29.4,-14.7,44.1,12.9,-3.4,17.4,-5.4,411.0,38.0,27.0,9.0,111.0,97.0,98.0,98.0
1065581360.0,Pinus edulis,38.486344,-109.73621,1,11.5,15.9,3.6,938.1,34.4,-8.9,43.3,18.3,16.2,23.6,-0.7,244.0,29.0,11.0,22.0,79.0,50.0,61.0,52.0
1042817272.0,Pinus edulis,32.950923,-105.835542,1,11.2,14.9,4.5,653.6,27.8,-4.6,32.4,18.7,10.5,19.7,3.0,458.0,90.0,11.0,64.0,234.0,53.0,213.0,80.0
1041368679.0,Pinus edulis,40.295526,-106.961225,1,3.9,17.2,4.0,874.3,26.6,-15.6,42.2,-5.8,-5.9,15.0,-7.5,492.0,46.0,36.0,6.0,128.0,119.0,122.0,123.0
1041368316.0,Pinus edulis,38.702613,-108.953888,1,10.4,15.4,3.6,900.2,32.3,-9.5,41.8,17.0,-1.3,22.0,-1.3,310.0,34.0,15.0,21.0,96.0,64.0,77.0,64.0
1041340011.0,Pinus edulis,36.799667,-104.698083,1,7.0,17.2,4.4,758.5,26.6,-12.2,38.8,16.8,-2.7,16.8,-2.7,431.0,80.0,13.0,64.0,205.0,42.0,205.0,42.0
1024210399.0,Pinus edulis,35.097683,-106.286252,1,9.5,16.0,4.2,762.3,29.3,-8.2,37.5,18.5,13.5,19.5,-0.1,418.0,69.0,22.0,47.0,182.0,73.0,164.0,75.0
1024184859.0,Pinus edulis,36.679916,-105.672675,1,6.8,18.0,4.2,839.3,28.2,-14.5,42.7,16.7,-4.4,17.4,-4.4,312.0,56.0,13.0,48.0,138.0,44.0,130.0,44.0
930740122.0,Pinus edulis,36.06628,-112.1174,1,7.6,16.1,4.4,720.4,27.5,-8.7,36.2,16.7,10.5,17.1,-1.1,415.0,55.0,14.0,33.0,133.0,57.0,115.0,114.0
930740097.0,Pinus edulis,36.04881,-112.1184,1,7.6,16.1,4.4,720.4,27.5,-8.7,36.2,16.7,10.5,17.1,-1.1,415.0,55.0,14.0,33.0,133.0,57.0,115.0,114.0
930740036.0,Pinus edulis,36.05361,-112.128,1,7.8,16.2,4.4,721.5,27.8,-8.5,36.3,16.9,10.6,17.3,-0.9,411.0,55.0,14.0,32.0,133.0,57.0,115.0,112.0
922980940.0,Pinus edulis,36.039246,-111.959953,1,10.7,16.5,4.3,778.9,31.4,-6.8,38.2,20.3,14.1,20.9,1.0,297.0,43.0,10.0,34.0,102.0,42.0,87.0,75.0
911491252.0,Pinus edulis,35.700168,-105.923033,1,9.2,16.4,4.3,773.2,28.8,-9.0,37.8,18.4,-0.5,19.3,-0.5,395.0,74.0,19.0,57.0,189.0,58.0,175.0,58.0
911490269.0,Pinus edulis,38.71525,-109.577636,1,11.8,16.0,3.6,951.9,35.0,-8.8,43.8,18.7,-0.6,24.1,-0.6,241.0,28.0,11.0,21.0,75.0,49.0,58.0,49.0
910491749.0,Pinus edulis,36.544949,-105.562477,1,3.7,17.2,4.4,745.2,23.6,-15.4,39.0,12.7,-5.9,13.3,-5.9,511.0,84.0,28.0,42.0,206.0,86.0,200.0,86.0
891099322.0,Pinus edulis,38.43991,-109.44504,1,10.6,15.5,3.6,910.5,33.1,-9.1,42.2,17.4,15.1,22.5,-1.1,288.0,33.0,12.0,21.0,91.0,57.0,71.0,63.0
891074765.0,Pinus edulis,36.170115,-111.963528,1,5.8,14.8,4.3,702.4,24.9,-9.5,34.4,-1.9,8.5,15.1,-2.6,504.0,60.0,15.0,33.0,163.0,65.0,130.0,152.0
883369807.0,Pinus edulis,39.658084,-107.891663,1,5.3,17.1,4.0,837.1,27.6,-14.4,42.0,4.2,-5.4,16.2,-5.4,446.0,43.0,29.0,11.0,124.0,100.0,107.0,100.0
574755323.0,Pinus edulis,40.768467,-105.184717,1,7.6,15.4,3.9,805.0,28.5,-10.1,38.6,15.9,-2.2,18.4,-2.2,375.0,63.0,10.0,52.0,162.0,32.0,137.0,32.0
240494375.0,Pinus edulis,33.03598,-108.15874,1,10.7,19.3,5.2,676.3,29.9,-7.1,37.0,18.9,13.9,19.6,2.3,437.0,88.0,10.0,70.0,232.0,42.0,195.0,81.0
219013945.0,Pinus edulis,36.055,-112.120556,1,7.6,16.1,4.4,720.4,27.5,-8.7,36.2,16.7,10.5,17.1,-1.1,415.0,55.0,14.0,33.0,133.0,57.0,115.0,114.0
177004860.0,Pinus edulis,33.03598,-108.15874,1,10.7,19.3,5.2,676.3,29.9,-7.1,37.0,18.9,13.9,19.6,2.3,437.0,88.0,10.0,70.0,232.0,42.0,195.0,81.0
60175555.0,Pinus edulis,36.07,-113.64,1,12.6,15.3,4.2,754.4,32.6,-3.4,36.0,22.2,15.5,22.7,3.6,320.0,44.0,9.0,37.0,105.0,41.0,89.0,91.0
60175554.0,Pinus edulis,36.37,-113.56,1,11.8,15.1,4.1,753.5,31.8,-4.2,36.0,3.8,14.7,21.9,2.8,358.0,46.0,10.0,34.0,113.0,48.0,94.0,103.0
60175532.0,Pinus edulis,39.04,-108.65,1,10.1,14.6,3.5,918.9,32.2,-9.3,41.5,16.9,-1.7,22.1,-1.7,300.0,32.0,17.0,18.0,92.0,61.0,75.0,61.0
60175295.0,Pinus edulis,39.19,-111.66,1,5.9,15.8,3.9,835.1,27.7,-12.5,40.2,12.5,9.4,16.9,-4.6,352.0,34.0,21.0,11.0,96.0,80.0,84.0,86.0
60175217.0,Pinus edulis,38.09,-112.3,1,6.0,18.4,4.4,791.8,28.4,-13.2,41.6,15.9,9.3,16.4,-3.9,332.0,45.0,17.0,25.0,111.0,70.0,96.0,71.0
60174894.0,Pinus edulis,40.44,-111.98,1,8.4,14.0,3.5,863.8,30.6,-8.7,39.3,7.1,19.9,19.9,-2.4,549.0,62.0,26.0,24.0,173.0,88.0,88.0,148.0
56627706.0,Pinus edulis,38.0325,-105.7194,1,5.6,17.4,4.2,821.7,26.6,-14.8,41.4,15.3,-5.1,16.1,-5.1,285.0,52.0,9.0,54.0,129.0,32.0,122.0,32.0
,,37.17170217,-109.2559759,0,12.3,16.8,3.8,930.4,35.1,-8.3,43.4,19.0,16.9,24.3,0.2,229.0,29.0,6.0,29.0,76.0,33.0,51.0,58.0
,,40.90075605,-113.6797089,0,10.3,13.6,3.2,948.1,33.3,-8.4,41.7,14.7,-1.7,22.8,-1.7,177.0,26.0,10.0,30.0,64.0,30.0,49.0,30.0
,,37.7979226,-111.9593513,0,4.7,17.0,4.2,782.7,25.9,-14.0,39.9,14.4,7.9,14.9,-5.2,336.0,50.0,16.0,29.0,121.0,61.0,103.0,74.0
,,37.88059702,-108.0981819,0,0.9,16.0,4.2,727.6,20.4,-16.9,37.3,9.9,3.7,10.3,-8.0,764.0,82.0,35.0,20.0,230.0,137.0,197.0,194.0
,,33.90896574,-106.7231194,0,13.4,18.7,4.7,774.1,33.5,-6.1,39.6,22.4,8.9,23.4,3.5,260.0,54.0,9.0,69.0,137.0,28.0,115.0,35.0
,,39.9547622,-111.0501972,0,3.5,15.2,3.6,873.4,25.1,-16.1,41.2,-6.3,7.3,14.7,-7.9,435.0,41.0,27.0,10.0,120.0,93.0,99.0,119.0
,,32.46526375,-105.9344819,0,16.1,17.5,4.6,758.6,34.9,-2.7,37.6,24.7,11.6,25.8,6.4,264.0,52.0,6.0,66.0,138.0,23.0,122.0,39.0
,,35.16604312,-108.4941574,0,8.5,18.3,4.5,779.1,29.3,-10.8,40.1,18.0,12.0,18.6,-1.4,351.0,60.0,13.0,46.0,149.0,44.0,126.0,75.0
,,38.46084324,-114.8356881,0,8.4,18.0,4.3,801.8,31.0,-10.7,41.7,7.0,-0.7,19.0,-1.6,282.0,28.0,17.0,13.0,78.0,62.0,70.0,64.0
,,37.43195818,-115.3824878,0,11.1,16.3,4.2,776.8,32.2,-6.3,38.5,3.0,14.2,21.5,1.6,251.0,27.0,9.0,25.0,79.0,44.0,59.0,73.0
,,30.96451222,-110.8403247,0,17.9,18.1,5.2,621.8,35.4,1.0,34.4,25.5,20.5,25.9,10.3,504.0,124.0,6.0,82.0,282.0,31.0,244.0,112.0
,,38.6354073,-103.995244,0,9.3,17.6,4.0,886.6,31.5,-11.7,43.2,20.9,-2.0,20.9,-2.0,325.0,65.0,6.0,71.0,162.0,21.0,162.0,21.0
,,37.79418044,-109.7364705,0,7.6,13.8,3.6,842.9,28.4,-9.8,38.2,18.0,11.3,18.8,-2.9,388.0,45.0,14.0,25.0,123.0,61.0,100.0,98.0
,,33.68514159,-115.7538568,0,19.6,15.8,4.4,728.0,39.0,3.2,35.8,12.0,22.2,29.2,10.7,147.0,23.0,1.0,47.0,50.0,10.0,37.0,50.0
,,39.87770712,-103.9373474,0,9.3,16.9,3.9,902.1,31.9,-11.4,43.3,18.5,-2.1,21.2,-2.1,371.0,67.0,7.0,65.0,180.0,25.0,159.0,25.0
,,37.5919894,-114.2162727,0,9.3,15.9,4.1,790.3,30.7,-7.9,38.6,0.9,12.4,19.9,-0.3,339.0,39.0,11.0,24.0,103.0,59.0,79.0,91.0
,,36.82040671,-102.7046418,0,12.5,17.0,4.1,846.6,33.1,-7.6,40.7,21.2,1.8,23.5,1.8,404.0,68.0,9.0,64.0,186.0,27.0,185.0,27.0
,,38.02102246,-101.3588672,0,11.8,16.4,3.7,942.9,33.8,-9.5,43.3,21.5,-0.3,24.0,-0.3,439.0,72.0,9.0,64.0,209.0,28.0,196.0,28.0
,,34.99016532,-114.005486,0,16.3,14.8,4.2,752.1,35.5,0.3,35.2,25.9,19.1,26.3,7.3,218.0,31.0,4.0,41.0,73.0,21.0,58.0,67.0
,,36.96584441,-113.6870608,0,16.1,16.5,4.0,861.1,37.9,-2.5,40.4,7.4,20.1,27.5,5.4,228.0,30.0,5.0,34.0,83.0,31.0,46.0,72.0
,,36.51536559,-111.8202108,0,12.3,15.6,3.9,842.4,33.5,-5.8,39.3,22.5,16.2,23.3,1.7,201.0,28.0,8.0,30.0,67.0,31.0,58.0,52.0
,,40.89093226,-103.9745534,0,7.9,17.1,4.0,888.2,30.7,-12.0,42.7,17.0,-3.1,19.7,-3.1,380.0,66.0,5.0,71.0,196.0,21.0,175.0,21.0
,,32.83067077,-110.6612748,0,19.7,16.3,4.4,759.2,38.3,1.8,36.5,28.8,23.3,29.5,10.1,367.0,58.0,7.0,50.0,146.0,26.0,118.0,106.0
,,36.57207274,-106.4396226,0,4.8,17.3,4.3,774.0,25.4,-14.7,40.1,14.2,8.3,14.7,-5.2,489.0,76.0,28.0,34.0,183.0,88.0,167.0,104.0
,,38.203949,-101.3762044,0,11.4,16.6,3.7,949.8,33.7,-10.0,43.7,21.3,-0.7,23.8,-0.7,436.0,71.0,9.0,63.0,208.0,28.0,194.0,28.0
,,35.76068195,-102.8101392,0,13.3,17.1,4.2,832.2,33.2,-7.1,40.3,24.1,2.6,24.1,2.6,411.0,70.0,9.0,65.0,197.0,29.0,197.0,29.0
,,40.15903749,-107.6509912,0,3.3,16.5,4.0,831.2,25.2,-15.5,40.7,1.8,11.6,14.1,-7.1,509.0,50.0,35.0,10.0,140.0,121.0,122.0,121.0
,,40.95200262,-105.8305211,0,2.1,14.8,4.0,765.4,22.6,-13.9,36.5,9.8,-7.1,12.2,-7.1,509.0,58.0,28.0,24.0,167.0,89.0,160.0,89.0
,,31.26780572,-110.0181895,0,13.7,15.6,4.8,604.6,30.9,-1.5,32.4,20.5,16.9,21.5,6.1,532.0,128.0,8.0,80.0,291.0,46.0,266.0,108.0
,,31.97486316,-102.9496116,0,17.4,16.4,4.4,760.0,35.0,-2.2,37.2,25.8,9.3,26.9,7.3,335.0,60.0,8.0,59.0,146.0,32.0,128.0,32.0
,,35.23156166,-108.9579776,0,9.0,17.8,4.5,783.3,29.6,-9.9,39.5,18.6,12.5,19.2,-0.9,330.0,56.0,11.0,48.0,140.0,38.0,118.0,68.0
,,33.5712844,-109.7899565,0,10.2,17.4,4.7,696.1,29.3,-7.1,36.4,18.7,13.2,19.3,1.5,548.0,93.0,14.0,52.0,238.0,51.0,200.0,133.0
,,34.79791287,-102.1104237,0,13.6,16.1,4.1,805.8,32.5,-6.0,38.5,23.9,3.1,23.9,3.1,470.0,84.0,11.0,62.0,217.0,37.0,217.0,37.0
,,38.95743817,-109.8996424,0,11.2,16.5,3.6,980.9,34.8,-10.4,45.2,18.2,-1.7,23.7,-1.7,211.0,25.0,11.0,24.0,70.0,41.0,54.0,41.0
,,37.80401491,-109.5186683,0,4.6,13.3,3.6,787.2,24.3,-11.8,36.1,14.4,7.7,15.0,-5.1,534.0,60.0,20.0,24.0,165.0,84.0,136.0,138.0
,,36.79612756,-116.92904,0,14.4,15.6,3.9,832.8,35.5,-3.6,39.1,6.0,18.1,25.4,4.1,134.0,19.0,5.0,34.0,48.0,23.0,29.0,48.0
,,39.00958001,-104.9891966,0,2.1,15.8,4.2,755.0,21.8,-15.6,37.4,12.0,-7.2,12.0,-7.2,548.0,89.0,15.0,51.0,233.0,59.0,233.0,59.0
,,34.41987126,-114.0314702,0,20.4,15.8,4.2,791.4,40.2,2.9,37.3,12.2,23.6,30.8,10.7,188.0,26.0,2.0,45.0,65.0,14.0,44.0,63.0
,,38.98220092,-110.6125252,0,8.9,15.9,3.6,932.8,31.6,-11.7,43.3,20.1,-3.2,21.0,-3.2,219.0,29.0,13.0,29.0,79.0,40.0,67.0,40.0
,,32.25098433,-105.0110427,0,16.1,17.0,4.6,728.3,34.1,-2.5,36.6,24.3,11.9,25.4,6.7,249.0,47.0,5.0,72.0,129.0,18.0,115.0,26.0
,,36.4699093,-105.5825516,0,6.8,18.0,4.2,812.9,27.8,-14.1,41.9,16.5,-3.9,17.1,-3.9,358.0,64.0,16.0,50.0,157.0,50.0,152.0,50.0
,,37.33814049,-103.0146893,0,11.1,16.8,4.1,844.9,31.9,-8.8,40.7,19.8,0.4,22.1,0.4,399.0,70.0,9.0,61.0,184.0,30.0,176.0,30.0
,,32.82011913,-108.5816098,0,12.9,19.5,5.1,712.0,32.6,-5.5,38.1,21.6,16.3,22.3,4.1,394.0,75.0,8.0,65.0,197.0,32.0,163.0,87.0
,,34.10480299,-109.9238608,0,8.9,17.5,4.8,688.5,28.1,-8.3,36.4,17.4,11.9,17.9,0.3,601.0,89.0,15.0,44.0,232.0,57.0,190.0,157.0
,,30.78597385,-109.3044298,0,18.7,19.3,5.0,687.6,37.7,-0.4,38.1,26.6,18.1,27.2,9.9,339.0,95.0,4.0,88.0,196.0,22.0,173.0,70.0
,,40.4006777,-111.652309,0,0.8,12.4,3.6,750.4,20.1,-13.9,34.0,-7.4,10.9,10.9,-7.8,907.0,110.0,42.0,31.0,309.0,140.0,140.0,301.0
,,34.72023686,-111.6071939,0,11.1,16.2,4.5,707.0,30.4,-5.1,35.5,20.0,14.0,20.5,2.5,611.0,80.0,11.0,40.0,203.0,64.0,163.0,180.0
,,39.77252517,-112.703244,0,10.1,16.0,3.6,936.8,34.0,-9.7,43.7,9.0,22.5,22.5,-1.7,209.0,25.0,14.0,19.0,68.0,44.0,44.0,44.0
,,37.73965554,-115.5716554,0,9.3,16.2,4.2,766.1,30.3,-7.9,38.2,1.3,12.3,19.6,0.0,288.0,30.0,12.0,22.0,90.0,52.0,67.0,86.0
,,41.21737046,-106.1184124,0,4.3,15.1,4.0,792.4,25.5,-11.9,37.4,12.4,-5.3,14.8,-5.3,399.0,45.0,20.0,24.0,131.0,69.0,124.0,69.0
,,39.61047735,-115.1024762,0,7.3,17.0,4.1,811.7,30.0,-11.2,41.2,5.9,-2.8,18.0,-2.8,278.0,32.0,18.0,15.0,84.0,62.0,65.0,62.0
,,42.30220948,-111.6532263,0,3.8,14.9,3.7,852.1,26.1,-13.6,39.7,2.3,14.3,14.8,-7.0,444.0,47.0,26.0,14.0,125.0,91.0,95.0,118.0
,,37.71107613,-115.1406913,0,12.4,17.6,4.2,816.5,34.6,-6.4,41.0,4.0,16.0,23.2,2.2,208.0,22.0,8.0,20.0,60.0,41.0,49.0,53.0
,,36.58470298,-115.4777097,0,16.3,16.8,4.2,813.7,37.6,-2.0,39.6,8.1,20.0,27.1,6.3,129.0,16.0,4.0,32.0,41.0,20.0,34.0,37.0
,,37.99514569,-112.164991,0,2.9,16.5,4.2,756.0,23.7,-15.0,38.7,12.4,5.7,12.8,-6.5,450.0,58.0,21.0,24.0,144.0,84.0,125.0,109.0
,,32.1507891,-105.1101216,0,16.7,17.5,4.6,742.4,35.0,-2.4,37.4,25.0,12.4,26.1,7.1,237.0,45.0,5.0,71.0,122.0,18.0,108.0,25.0
,,39.98792647,-115.8359531,0,5.8,15.2,3.9,779.9,27.6,-10.7,38.3,3.7,15.9,16.3,-3.6,396.0,42.0,20.0,20.0,122.0,70.0,77.0,106.0
,,41.83498075,-107.8852,0,5.3,15.2,3.6,933.8,28.8,-13.3,42.1,9.7,-6.7,17.5,-6.7,210.0,31.0,8.0,38.0,77.0,27.0,64.0,27.0
,,31.08550548,-106.9256646,0,17.6,19.1,4.9,752.7,37.4,-1.5,38.9,26.0,17.3,27.1,7.9,208.0,47.0,5.0,83.0,127.0,18.0,102.0,26.0
,,41.08795585,-112.5475975,0,10.6,13.1,3.2,936.8,33.3,-7.6,40.9,9.7,22.2,23.0,-1.3,343.0,42.0,18.0,24.0,115.0,65.0,67.0,74.0
,,38.3824891,-106.621599,0,2.3,18.4,4.0,905.0,24.5,-20.6,45.1,12.9,6.7,13.5,-9.9,379.0,51.0,24.0,27.0,134.0,75.0,122.0,87.0
,,40.98006946,-107.2911026,0,4.5,16.3,3.8,890.8,27.6,-14.5,42.1,3.5,-5.3,16.1,-6.9,385.0,39.0,25.0,12.0,108.0,83.0,97.0,83.0
,,41.85819729,-113.6546992,0,4.3,14.9,3.7,820.9,26.4,-13.2,39.6,7.3,10.9,15.2,-5.8,415.0,46.0,27.0,16.0,119.0,84.0,98.0,111.0
,,40.34868778,-115.2060503,0,7.1,16.2,4.0,806.0,29.5,-10.6,40.1,5.7,17.3,17.8,-2.9,345.0,38.0,16.0,23.0,107.0,56.0,65.0,95.0
,,36.71708564,-116.0922129,0,15.5,15.4,4.0,803.0,36.0,-1.8,37.8,5.7,19.1,26.1,5.7,151.0,22.0,4.0,40.0,55.0,22.0,36.0,55.0
,,41.59667252,-103.8593728,0,8.2,16.3,3.9,885.8,30.6,-11.1,41.7,17.4,-2.8,20.1,-2.8,397.0,72.0,10.0,61.0,194.0,32.0,157.0,32.0
,,35.23112019,-106.0949006,0,9.9,16.8,4.3,785.1,30.2,-8.5,38.7,19.2,-0.1,20.1,-0.1,365.0,65.0,16.0,53.0,169.0,53.0,154.0,53.0
,,37.08842238,-110.5165231,0,12.0,13.3,3.4,890.6,32.7,-6.0,38.7,22.8,16.3,23.7,0.7,206.0,27.0,7.0,31.0,72.0,30.0,58.0,47.0
,,42.41440287,-108.4466528,0,3.9,14.9,3.6,911.8,26.7,-14.6,41.3,8.0,-7.5,15.9,-7.5,285.0,42.0,16.0,30.0,104.0,54.0,72.0,54.0
,,37.5699711,-106.5394985,0,1.5,16.0,4.2,767.5,20.8,-17.2,38.0,10.8,4.8,11.4,-8.2,662.0,78.0,33.0,23.0,207.0,114.0,180.0,159.0
,,41.81561434,-105.4719831,0,4.9,14.7,3.9,798.8,26.2,-11.3,37.5,13.0,-4.9,15.6,-4.9,362.0,58.0,13.0,47.0,154.0,40.0,129.0,40.0
,,37.13873975,-104.4591927,0,9.1,16.5,4.3,771.4,28.6,-9.6,38.2,19.2,-0.6,19.2,-0.6,406.0,70.0,12.0,56.0,181.0,42.0,181.0,42.0
,,40.85731935,-105.9228389,0,2.9,15.6,4.0,786.6,24.1,-14.0,38.1,10.9,-6.8,13.2,-6.8,518.0,57.0,29.0,21.0,166.0,94.0,158.0,94.0
,,40.36095287,-103.2896931,0,9.5,16.1,3.7,931.3,32.0,-11.2,43.2,19.0,-2.3,21.7,-2.3,394.0,76.0,7.0,73.0,209.0,23.0,179.0,23.0
,,41.87857047,-107.9750086,0,5.2,15.2,3.6,934.9,28.7,-13.5,42.2,9.6,-6.8,17.4,-6.8,211.0,32.0,8.0,39.0,78.0,27.0,64.0,27.0
,,33.21969877,-103.8052902,0,14.3,17.7,4.5,760.7,33.0,-5.5,38.5,22.9,6.2,24.0,4.4,383.0,69.0,10.0,68.0,189.0,33.0,179.0,33.0
,,38.59154607,-109.6498463,0,12.0,16.1,3.6,949.0,35.1,-8.6,43.7,18.8,-0.4,24.2,-0.4,237.0,28.0,11.0,22.0,75.0,48.0,58.0,48.0
,,40.15024993,-113.9074511,0,7.0,17.3,4.0,831.0,30.4,-12.0,42.4,5.6,-2.4,18.0,-3.4,288.0,34.0,18.0,18.0,90.0,57.0,72.0,58.0
,,32.35628375,-106.2290102,0,16.2,17.7,4.6,766.3,35.2,-2.8,38.0,25.0,11.7,26.0,6.4,248.0,51.0,5.0,71.0,133.0,21.0,117.0,37.0
,,42.26916971,-112.0639047,0,5.0,14.9,3.7,860.0,27.7,-12.4,40.1,3.8,15.7,16.1,-6.0,450.0,49.0,25.0,17.0,132.0,85.0,92.0,122.0
,,34.4976187,-112.9715755,0,15.4,18.4,4.8,716.0,35.6,-2.0,37.6,24.7,18.0,24.9,6.9,381.0,59.0,6.0,45.0,135.0,32.0,107.0,113.0
,,41.64497888,-112.2880188,0,9.1,14.9,3.4,936.0,32.7,-9.9,42.6,8.4,20.5,21.2,-3.1,397.0,47.0,19.0,21.0,124.0,72.0,76.0,96.0
,,34.13493659,-109.9946018,0,9.4,17.7,4.7,698.1,28.8,-8.1,36.9,18.1,12.4,18.5,0.7,549.0,86.0,14.0,46.0,220.0,53.0,180.0,137.0
,,41.38323232,-106.406777,0,0.4,13.0,3.8,747.9,19.9,-13.9,33.8,3.0,-8.4,10.3,-8.4,553.0,56.0,36.0,14.0,163.0,117.0,151.0,117.0
,,39.04602949,-108.2943029,0,9.6,15.3,3.6,900.2,31.8,-10.1,41.9,16.3,-2.0,21.3,-2.0,312.0,33.0,18.0,18.0,95.0,62.0,75.0,62.0
,,35.26078877,-113.842212,0,15.7,15.5,4.2,755.4,35.4,-0.7,36.1,25.3,18.6,25.7,6.6,171.0,27.0,3.0,43.0,64.0,17.0,50.0,46.0
,,39.20047035,-114.7705166,0,6.4,17.7,4.2,794.9,29.1,-12.3,41.4,4.8,-2.4,17.0,-3.4,301.0,31.0,21.0,13.0,88.0,63.0,75.0,64.0
,,34.89986793,-115.483906,0,18.6,12.9,3.7,773.4,37.4,3.1,34.3,28.3,21.7,28.9,9.2,176.0,29.0,2.0,47.0,61.0,16.0,49.0,56.0
,,38.23027061,-107.4848107,0,-0.3,16.7,4.2,782.0,19.6,-20.0,39.6,9.2,2.9,9.7,-10.1,693.0,75.0,35.0,19.0,208.0,132.0,182.0,172.0
,,39.13816587,-104.9482158,0,4.5,16.9,4.3,759.6,24.9,-13.9,38.8,14.5,-4.9,14.5,-4.9,488.0,80.0,11.0,55.0,212.0,44.0,212.0,44.0
,,41.22724713,-113.7367412,0,9.7,14.4,3.4,931.7,33.1,-9.1,42.2,14.0,-2.1,22.0,-2.1,196.0,28.0,11.0,28.0,70.0,35.0,55.0,35.0
,,34.1905485,-114.9648695,0,22.8,14.2,3.9,801.6,42.0,5.8,36.2,32.8,26.4,33.3,12.9,96.0,15.0,1.0,43.0,33.0,7.0,25.0,32.0
,,39.33506698,-111.0062951,0,7.6,15.7,3.6,912.8,30.0,-12.6,42.6,18.6,-3.0,19.4,-4.3,256.0,30.0,17.0,19.0,82.0,55.0,72.0,56.0
,,37.72546486,-110.490288,0,13.1,15.9,3.6,956.2,35.9,-7.5,43.4,20.0,18.1,25.5,0.7,160.0,21.0,6.0,30.0,58.0,28.0,44.0,33.0
,,38.6020124,-108.3685181,0,6.9,15.6,3.8,835.8,28.3,-12.0,40.3,17.1,-3.7,17.8,-3.7,421.0,45.0,22.0,19.0,129.0,88.0,109.0,88.0
,,33.10886534,-111.4519671,0,20.9,17.7,4.6,768.9,40.5,2.6,37.9,30.5,24.2,30.8,11.4,414.0,52.0,13.0,35.0,129.0,48.0,109.0,126.0
,,37.42622903,-101.9572013,0,12.2,17.1,3.9,923.4,34.1,-9.3,43.4,21.8,0.4,24.2,0.4,400.0,66.0,7.0,66.0,192.0,23.0,180.0,23.0
,,39.48911695,-106.2479343,0,-1.7,13.1,3.7,767.5,16.9,-17.9,34.8,-4.1,-0.5,8.4,-10.9,664.0,65.0,41.0,15.0,182.0,141.0,173.0,168.0
,,31.62205785,-103.7067448,0,18.1,18.0,4.7,757.5,36.5,-1.7,38.2,26.5,10.1,27.7,8.3,290.0,56.0,8.0,61.0,135.0,29.0,116.0,32.0
,,36.60368797,-116.9083439,0,22.4,16.3,3.8,926.8,44.3,1.8,42.5,13.3,27.0,34.4,10.7,62.0,11.0,2.0,45.0,28.0,9.0,10.0,25.0
,,35.47722579,-114.2466357,0,14.6,13.9,4.0,750.3,33.6,-0.8,34.4,24.1,17.4,24.5,5.5,237.0,34.0,5.0,41.0,79.0,26.0,65.0,71.0
,,38.24662756,-113.1683241,0,9.8,17.8,4.1,875.9,33.2,-9.9,43.1,20.7,-1.3,21.3,-1.3,249.0,29.0,12.0,24.0,76.0,48.0,64.0,48.0
,,33.10908737,-112.2072066,0,20.8,17.4,4.5,775.6,40.4,2.3,38.1,30.4,24.3,30.9,11.2,208.0,35.0,3.0,49.0,80.0,14.0,65.0,62.0
,,35.22403665,-106.274885,0,10.3,16.2,4.2,783.6,30.4,-7.7,38.1,19.6,0.4,20.6,0.4,366.0,62.0,18.0,48.0,162.0,60.0,146.0,60.0
,,33.37180925,-104.666295,0,15.4,17.5,4.5,783.9,34.2,-4.4,38.6,24.3,7.2,25.5,5.3,314.0,59.0,9.0,64.0,156.0,30.0,144.0,33.0
,,37.5664079,-111.5026923,0,9.1,15.1,3.8,828.0,30.1,-9.1,39.2,19.3,12.9,20.0,-1.3,248.0,37.0,10.0,32.0,89.0,39.0,74.0,58.0
,,36.40175366,-104.8936134,0,9.1,18.5,4.6,754.6,29.0,-10.4,39.4,18.8,-0.5,18.8,-0.5,393.0,76.0,9.0,68.0,192.0,30.0,192.0,30.0
,,40.43407596,-113.1690166,0,10.8,14.1,3.3,950.2,33.9,-8.2,42.1,15.0,-1.2,23.4,-1.2,194.0,25.0,12.0,23.0,66.0,38.0,47.0,38.0
,,36.59818417,-108.3628528,0,10.7,16.5,3.9,876.0,32.5,-8.8,41.3,17.3,15.0,22.1,-0.6,236.0,34.0,9.0,38.0,88.0,36.0,72.0,50.0
,,41.54234481,-111.4412574,0,1.6,14.5,3.8,804.3,22.9,-14.9,37.8,-6.8,12.2,12.2,-8.2,557.0,56.0,32.0,17.0,162.0,106.0,106.0,159.0
,,32.84213665,-111.0177269,0,18.8,15.0,4.4,712.6,36.4,2.5,33.9,27.4,22.0,28.0,10.0,465.0,73.0,8.0,49.0,175.0,34.0,142.0,140.0
,,35.80941179,-114.0230495,0,12.3,14.5,4.1,735.4,31.7,-3.0,34.7,21.6,15.0,22.1,3.5,316.0,44.0,8.0,38.0,104.0,39.0,88.0,91.0
,,35.86692618,-103.9141532,0,11.4,16.6,4.2,803.6,31.1,-7.8,38.9,21.8,1.1,21.8,1.1,404.0,78.0,8.0,71.0,203.0,28.0,203.0,28.0
,,38.18173633,-107.8999494,0,3.1,17.5,4.3,771.9,23.9,-16.3,40.2,12.6,6.4,13.1,-6.6,596.0,66.0,30.0,19.0,187.0,122.0,160.0,135.0
,,36.41341545,-113.6635254,0,10.8,15.0,4.2,741.9,30.6,-5.0,35.6,2.8,13.5,20.7,1.9,388.0,48.0,11.0,33.0,124.0,53.0,100.0,113.0
,,34.27557479,-113.289843,0,18.2,18.3,4.7,750.4,38.7,0.1,38.6,27.8,21.0,28.1,9.1,278.0,42.0,3.0,45.0,96.0,20.0,72.0,85.0
,,32.88161436,-107.9056211,0,10.0,18.0,5.0,661.6,28.5,-7.1,35.6,17.9,9.0,18.8,1.8,453.0,95.0,9.0,75.0,249.0,42.0,212.0,79.0
,,31.33244295,-109.3729501,0,16.4,19.0,5.0,680.0,35.2,-2.2,37.4,24.4,20.2,25.1,7.8,328.0,86.0,5.0,85.0,191.0,24.0,167.0,61.0
,,35.25211525,-116.0456593,0,21.6,15.8,3.9,842.1,42.3,2.7,39.6,32.0,25.5,32.6,11.1,65.0,10.0,1.0,44.0,24.0,6.0,19.0,21.0
,,39.98846113,-106.9665057,0,1.4,15.7,4.0,807.1,22.2,-16.5,38.7,11.4,2.6,11.9,-8.6,510.0,49.0,36.0,10.0,139.0,121.0,134.0,123.0
,,35.74140609,-110.336871,0,10.9,16.9,4.1,830.3,32.2,-8.1,40.3,21.1,14.6,21.7,0.4,246.0,38.0,7.0,40.0,96.0,31.0,77.0,55.0
,,37.04470978,-109.5818996,0,12.2,16.3,3.8,915.7,34.5,-7.8,42.3,18.8,16.7,24.0,0.3,215.0,27.0,6.0,31.0,73.0,30.0,52.0,54.0
,,34.48231597,-106.7209278,0,12.9,19.4,4.6,802.3,34.0,-7.5,41.5,22.3,4.6,23.2,2.5,228.0,46.0,9.0,61.0,114.0,28.0,96.0,32.0
,,39.25985143,-104.1893519,0,8.1,16.5,4.0,841.1,29.6,-11.2,40.8,16.7,-2.3,19.3,-2.3,388.0,67.0,8.0,67.0,186.0,25.0,182.0,25.0
,,34.26187639,-115.7038258,0,21.2,15.0,4.1,775.2,40.7,4.2,36.5,30.8,24.5,31.4,11.6,106.0,19.0,1.0,51.0,42.0,8.0,32.0,31.0
,,37.57648959,-114.9006767,0,11.7,17.2,4.2,802.6,33.6,-6.6,40.2,3.4,15.1,22.3,1.7,243.0,27.0,8.0,23.0,73.0,44.0,57.0,64.0
,,36.36863779,-112.5830385,0,11.6,16.6,4.3,775.8,32.5,-5.7,38.2,21.2,14.8,21.8,2.0,323.0,44.0,11.0,33.0,105.0,45.0,90.0,88.0
,,39.79433391,-106.467494,0,-0.2,14.7,3.9,784.4,19.6,-17.5,37.1,9.5,1.0,10.0,-9.8,572.0,55.0,37.0,12.0,153.0,127.0,148.0,145.0
,,32.4197589,-111.2142073,0,20.7,17.6,4.7,738.3,39.4,2.4,37.0,29.8,24.1,30.3,11.5,313.0,55.0,6.0,55.0,138.0,24.0,113.0,80.0
,,33.72666269,-110.2106626,0,13.9,17.3,4.6,720.7,33.3,-3.8,37.1,22.8,17.0,23.2,4.9,448.0,78.0,11.0,49.0,182.0,40.0,152.0,116.0
,,33.80064325,-103.4401569,0,14.0,17.2,4.5,766.9,32.6,-5.6,38.2,23.8,4.0,23.8,4.0,411.0,73.0,10.0,66.0,199.0,33.0,199.0,33.0
,,35.12731386,-109.2012333,0,10.0,17.6,4.4,792.2,30.7,-8.9,39.6,19.7,13.6,20.3,0.0,294.0,52.0,10.0,52.0,130.0,34.0,108.0,56.0
,,31.88852366,-109.6480399,0,16.1,17.8,5.0,675.8,34.4,-1.2,35.6,24.1,19.5,24.8,7.6,341.0,81.0,5.0,81.0,192.0,24.0,167.0,66.0
,,33.68890134,-106.5511083,0,14.2,18.5,4.6,783.2,34.1,-5.4,39.5,23.3,9.7,24.3,4.1,254.0,51.0,8.0,65.0,131.0,27.0,112.0,35.0
,,37.5872131,-110.4991656,0,13.3,15.5,3.6,950.7,35.8,-7.1,42.9,20.1,18.1,25.6,1.0,157.0,20.0,6.0,30.0,57.0,26.0,43.0,33.0
,,39.54394673,-115.8475984,0,5.2,15.3,4.0,765.3,26.7,-11.3,38.0,3.1,15.2,15.5,-3.9,379.0,40.0,24.0,15.0,116.0,79.0,82.0,95.0
,,31.17163576,-105.4885123,0,15.0,17.3,4.7,715.9,32.9,-3.5,36.4,23.0,10.7,24.1,5.7,277.0,56.0,5.0,77.0,157.0,20.0,138.0,29.0
,,32.93794492,-111.5234345,0,21.0,18.6,4.7,775.1,41.0,2.0,39.0,30.6,24.4,31.0,11.3,317.0,47.0,9.0,42.0,112.0,31.0,93.0,91.0
,,32.27200654,-109.8034314,0,15.8,18.9,5.0,705.5,35.0,-2.3,37.3,24.4,19.2,25.0,7.0,320.0,70.0,6.0,75.0,171.0,23.0,146.0,69.0
,,40.46873593,-109.113769,0,5.1,15.3,3.7,882.5,27.6,-13.6,41.2,3.7,-6.0,16.7,-6.0,339.0,34.0,19.0,18.0,98.0,62.0,88.0,62.0
,,36.6374018,-101.2989783,0,13.7,16.3,3.9,892.3,34.6,-6.8,41.4,22.9,2.3,25.3,2.3,462.0,74.0,10.0,60.0,214.0,35.0,200.0,35.0
,,40.77349801,-111.5745915,0,5.5,15.5,3.9,812.8,27.6,-11.8,39.4,-3.4,16.2,16.2,-4.6,619.0,65.0,29.0,25.0,188.0,96.0,96.0,185.0
,,33.68638507,-104.9386422,0,14.6,18.2,4.7,757.0,33.8,-4.9,38.7,23.3,6.6,24.4,4.9,310.0,63.0,9.0,69.0,159.0,29.0,148.0,31.0
,,39.48475746,-112.7534822,0,10.2,16.9,3.7,946.4,34.6,-10.1,44.7,9.4,22.6,22.6,-1.9,186.0,24.0,12.0,24.0,64.0,37.0,37.0,39.0
,,41.47189045,-110.9496234,0,3.2,16.3,3.9,869.1,26.2,-15.3,41.5,7.3,-7.8,14.5,-7.8,306.0,34.0,19.0,17.0,92.0,61.0,77.0,61.0
,,30.20846989,-105.7081876,0,16.3,16.7,4.7,687.5,33.4,-1.5,34.9,23.8,12.0,24.8,7.2,257.0,67.0,3.0,101.0,173.0,12.0,145.0,17.0
,,35.50771417,-106.7768321,0,12.3,17.2,4.3,825.0,33.3,-6.7,40.0,22.1,1.9,23.1,1.9,259.0,47.0,12.0,49.0,115.0,40.0,102.0,40.0
,,38.07539098,-106.5027004,0,2.3,17.5,4.1,856.8,23.3,-19.1,42.4,12.5,6.5,13.1,-9.0,405.0,57.0,24.0,30.0,148.0,79.0,133.0,83.0
,,37.39305651,-106.9612364,0,2.7,18.1,4.3,802.0,23.7,-17.9,41.6,12.4,6.3,12.9,-7.7,578.0,74.0,26.0,26.0,192.0,96.0,162.0,133.0
,,32.98306472,-103.3503053,0,14.9,17.4,4.5,754.4,33.2,-4.8,38.0,23.4,6.8,24.4,5.0,403.0,67.0,9.0,65.0,190.0,34.0,180.0,34.0
,,35.60304198,-104.0447182,0,12.9,17.2,4.3,821.2,32.6,-7.4,40.0,23.5,2.3,23.5,2.3,372.0,71.0,8.0,68.0,187.0,27.0,187.0,27.0
,,34.11606014,-105.5620262,0,11.1,17.1,4.6,740.6,30.4,-6.7,37.1,19.8,2.6,20.7,1.7,357.0,75.0,12.0,70.0,188.0,43.0,177.0,46.0
,,35.19645402,-115.4425265,0,14.6,12.7,3.8,743.0,33.1,-0.1,33.2,6.7,17.3,24.5,5.7,261.0,39.0,5.0,44.0,90.0,27.0,70.0,85.0
,,39.23705704,-116.0057222,0,8.3,16.5,4.1,796.6,30.5,-9.4,39.9,6.8,-0.6,18.9,-1.5,255.0,28.0,18.0,15.0,80.0,55.0,61.0,55.0
,,37.56701361,-108.5738563,0,7.4,15.7,3.9,829.3,28.8,-11.3,40.1,13.9,11.0,18.3,-3.1,458.0,50.0,16.0,24.0,142.0,76.0,111.0,108.0
,,33.99593105,-114.5798862,0,22.4,15.5,4.1,799.5,41.9,4.6,37.3,12.4,25.9,32.7,12.4,104.0,17.0,1.0,53.0,37.0,6.0,26.0,37.0
,,36.3142492,-105.9027251,0,8.1,17.3,4.2,801.9,28.8,-11.8,40.6,17.7,-2.3,18.4,-2.3,336.0,61.0,15.0,49.0,150.0,48.0,140.0,48.0
,,36.57381731,-117.3536586,0,15.9,16.0,4.0,840.7,37.2,-2.6,39.8,7.4,19.7,26.9,5.4,120.0,19.0,4.0,42.0,48.0,17.0,22.0,48.0
,,39.12858728,-107.1895057,0,-1.3,14.9,3.9,780.9,18.2,-19.4,37.6,8.4,1.7,8.8,-10.8,636.0,66.0,36.0,15.0,174.0,134.0,159.0,165.0
,,38.96936328,-110.0082467,0,11.3,17.3,3.7,992.4,35.5,-11.1,46.6,18.4,-1.8,23.9,-1.8,191.0,23.0,10.0,26.0,65.0,35.0,50.0,35.0
,,36.95474821,-109.3590135,0,11.3,16.0,3.8,894.3,33.2,-8.3,41.5,17.9,15.6,22.9,-0.2,250.0,30.0,7.0,31.0,85.0,35.0,63.0,61.0
,,42.0386654,-111.2397694,0,3.1,16.0,3.8,885.1,26.1,-15.6,41.7,7.2,-6.9,14.5,-8.3,358.0,38.0,24.0,13.0,104.0,84.0,84.0,84.0
,,37.25480767,-110.2448823,0,13.3,14.6,3.5,931.7,35.1,-6.2,41.3,20.1,17.9,25.4,1.3,174.0,22.0,6.0,31.0,62.0,27.0,47.0,39.0
,,39.81334741,-110.9913224,0,3.6,14.8,3.6,877.3,25.1,-15.8,40.9,10.5,7.4,14.9,-7.7,407.0,40.0,26.0,10.0,112.0,88.0,99.0,106.0
,,38.89838161,-108.1848579,0,3.7,15.4,3.9,800.2,24.4,-14.6,39.0,2.0,7.1,14.2,-6.2,579.0,63.0,29.0,16.0,155.0,121.0,133.0,141.0
,,36.74778842,-114.8366797,0,17.3,15.6,3.9,849.9,38.6,-0.9,39.5,8.6,21.2,28.5,6.8,141.0,17.0,4.0,31.0,45.0,20.0,34.0,39.0
,,40.13498007,-107.2262547,0,2.0,15.7,4.0,810.5,22.9,-15.9,38.8,0.2,5.4,12.5,-8.1,537.0,52.0,38.0,9.0,143.0,129.0,133.0,132.0
,,33.44337639,-113.5233659,0,21.4,15.7,4.3,751.6,40.3,4.2,36.1,30.8,24.4,31.2,12.1,181.0,29.0,1.0,50.0,70.0,9.0,48.0,55.0
,,32.73891638,-109.4174864,0,16.7,19.4,4.9,754.3,36.5,-2.5,39.0,25.8,20.4,26.5,7.2,295.0,55.0,6.0,63.0,143.0,22.0,117.0,69.0
,,39.10633079,-107.5575494,0,2.2,16.5,4.0,812.1,23.1,-17.5,40.6,12.2,-8.0,12.7,-8.0,453.0,48.0,28.0,16.0,136.0,99.0,122.0,99.0
,,34.49845976,-111.2830887,0,8.3,15.3,4.4,695.6,26.9,-7.6,34.5,17.0,11.0,17.6,-0.2,671.0,95.0,12.0,43.0,242.0,64.0,197.0,192.0
,,30.03367349,-104.4346096,0,15.7,16.1,4.8,631.5,31.8,-1.7,33.5,22.4,8.6,23.4,7.2,341.0,70.0,6.0,85.0,200.0,22.0,183.0,25.0
,,34.18135727,-116.3635464,0,17.0,16.7,4.6,700.0,37.1,1.0,36.1,9.7,23.7,26.2,8.6,237.0,34.0,1.0,51.0,97.0,22.0,35.0,97.0
,,32.97939253,-109.4329413,0,14.5,19.0,5.0,721.5,34.2,-3.8,38.0,23.3,17.9,24.0,5.5,391.0,70.0,9.0,59.0,183.0,32.0,151.0,94.0
,,32.94041707,-110.1895689,0,16.1,16.6,4.6,731.4,34.8,-1.2,36.0,24.9,19.6,25.6,6.9,387.0,69.0,7.0,56.0,171.0,29.0,143.0,101.0
,,35.95579786,-113.0567586,0,9.4,15.9,4.4,712.6,29.3,-6.3,35.6,18.5,12.1,19.0,0.9,420.0,60.0,13.0,37.0,144.0,54.0,125.0,115.0
,,31.31004859,-106.308682,0,15.9,17.8,4.7,738.5,34.8,-2.4,37.2,24.3,15.6,25.4,6.5,259.0,56.0,4.0,78.0,149.0,21.0,127.0,35.0
,,38.84747672,-103.2868718,0,9.6,17.6,3.9,924.1,32.3,-11.8,44.1,19.1,-2.1,21.7,-2.1,351.0,66.0,7.0,68.0,173.0,23.0,163.0,23.0
,,39.38962418,-109.2237562,0,7.4,14.6,3.5,918.0,29.6,-11.9,41.5,14.4,-4.4,19.4,-4.4,344.0,35.0,21.0,16.0,102.0,71.0,87.0,71.0
,,39.83628624,-105.1870736,0,9.1,15.5,4.0,787.8,29.4,-8.9,38.3,17.1,-0.5,19.6,-0.5,428.0,67.0,13.0,43.0,165.0,46.0,140.0,46.0
,,36.84346215,-114.7961967,0,15.6,15.9,4.0,827.0,36.8,-2.3,39.1,7.1,19.2,26.5,5.4,176.0,21.0,5.0,29.0,56.0,27.0,42.0,48.0
,,36.07351003,-108.2045984,0,10.6,17.7,4.2,862.1,32.4,-9.5,41.9,20.9,14.8,21.7,-0.5,217.0,36.0,10.0,45.0,92.0,33.0,77.0,38.0
,,36.86881637,-115.5305341,0,13.9,16.0,4.2,784.5,34.6,-3.4,38.0,5.8,17.2,24.3,4.3,186.0,21.0,5.0,32.0,61.0,29.0,46.0,57.0
,,39.74919613,-112.0900425,0,8.2,15.6,3.7,863.4,31.0,-10.1,41.1,6.7,19.6,19.6,-2.6,399.0,43.0,23.0,16.0,119.0,77.0,77.0,103.0
,,36.48222004,-102.3411587,0,12.7,16.5,4.0,851.8,33.0,-7.3,40.3,21.5,1.9,23.8,1.9,429.0,67.0,10.0,61.0,192.0,32.0,192.0,32.0
,,41.93711996,-111.0813189,0,2.9,17.0,3.9,907.3,26.7,-16.8,43.5,7.4,-7.2,14.6,-8.9,310.0,34.0,19.0,18.0,95.0,64.0,79.0,64.0
,,41.28285523,-111.4642523,0,3.2,15.2,3.9,809.4,25.0,-13.8,38.8,1.6,13.9,13.9,-6.8,544.0,55.0,28.0,19.0,158.0,96.0,96.0,152.0
,,35.45932993,-111.1223653,0,13.8,17.0,4.1,860.5,35.3,-5.6,40.9,24.2,17.9,24.9,2.8,209.0,35.0,6.0,44.0,87.0,26.0,69.0,44.0
,,35.80080309,-106.1711954,0,11.0,16.9,4.3,816.4,31.5,-7.8,39.3,20.7,0.6,21.6,0.6,306.0,56.0,13.0,52.0,141.0,43.0,128.0,43.0
,,33.63657586,-104.7973233,0,14.8,18.2,4.6,769.9,34.0,-4.9,38.9,23.7,6.7,24.8,5.0,310.0,62.0,9.0,68.0,157.0,29.0,147.0,31.0
,,32.29686458,-111.6445124,0,20.5,17.9,4.8,733.3,39.4,2.2,37.2,29.6,23.8,30.0,11.4,286.0,56.0,5.0,63.0,135.0,19.0,110.0,71.0
,,39.35087554,-109.2366549,0,8.1,14.7,3.5,930.9,30.4,-11.6,42.0,15.0,-4.0,20.1,-4.0,326.0,34.0,20.0,16.0,98.0,68.0,82.0,68.0
,,37.36779882,-106.708478,0,0.6,15.2,4.2,719.6,19.1,-16.6,35.7,9.5,3.5,10.0,-8.2,875.0,95.0,39.0,23.0,252.0,142.0,216.0,230.0
,,34.85503032,-117.2177098,0,17.5,16.3,4.3,749.1,37.9,0.5,37.4,9.8,24.6,27.3,8.3,99.0,16.0,1.0,52.0,44.0,8.0,12.0,43.0
,,31.68931454,-109.8851337,0,16.0,16.3,4.8,643.4,33.5,0.0,33.5,23.5,19.3,24.3,8.0,373.0,94.0,5.0,88.0,219.0,29.0,198.0,65.0
,,32.44253519,-104.9527082,0,13.6,15.8,4.6,664.6,30.2,-3.6,33.8,21.1,9.4,22.1,5.0,299.0,58.0,7.0,75.0,159.0,24.0,147.0,30.0
,,31.53261043,-103.1709853,0,18.1,17.7,4.5,779.3,36.4,-2.2,38.6,26.8,9.9,27.9,7.9,289.0,54.0,8.0,57.0,126.0,29.0,107.0,31.0
,,30.7020188,-105.3573976,0,16.0,16.9,4.6,716.6,33.5,-2.5,36.0,23.9,11.7,25.0,6.5,270.0,61.0,5.0,88.0,164.0,16.0,141.0,23.0
,,37.91909161,-111.2901903,0,9.3,14.5,3.6,851.9,30.0,-9.3,39.3,19.7,13.1,20.4,-1.5,242.0,36.0,11.0,32.0,90.0,43.0,75.0,48.0
,,34.13875709,-116.3809842,0,16.4,16.6,4.6,686.4,36.4,0.7,35.7,9.3,23.0,25.5,8.2,271.0,40.0,1.0,54.0,115.0,23.0,35.0,114.0
,,38.3888341,-103.455127,0,10.7,18.1,4.0,940.0,33.6,-11.5,45.1,20.5,-1.3,23.0,-1.3,311.0,62.0,7.0,69.0,150.0,21.0,144.0,21.0
,,35.64805354,-112.9715535,0,9.4,16.6,4.6,704.5,29.3,-6.4,35.7,18.4,12.1,18.9,1.0,418.0,64.0,13.0,41.0,152.0,52.0,132.0,112.0
,,34.51458614,-107.3303332,0,10.7,18.2,4.6,755.9,30.7,-8.3,39.0,19.6,5.9,20.5,1.1,288.0,62.0,10.0,70.0,157.0,35.0,131.0,40.0
,,34.89859161,-110.809741,0,11.9,17.2,4.3,807.7,32.7,-6.8,39.5,21.9,15.5,22.5,1.7,309.0,52.0,8.0,48.0,131.0,34.0,106.0,69.0
,,31.3176509,-109.6181639,0,16.7,18.8,5.0,675.8,35.3,-1.7,37.0,24.7,20.3,25.4,8.2,323.0,89.0,5.0,94.0,195.0,24.0,175.0,55.0
,,34.7111407,-113.9934925,0,18.1,15.6,4.2,768.2,37.7,1.3,36.4,10.1,21.0,28.3,8.8,218.0,30.0,3.0,43.0,74.0,18.0,54.0,70.0
,,37.8150873,-110.2887408,0,12.2,15.6,3.6,939.6,34.7,-8.0,42.7,19.0,16.9,24.3,0.0,192.0,24.0,7.0,28.0,67.0,33.0,52.0,41.0
,,39.81822505,-109.9202176,0,8.4,16.7,3.5,1026.3,32.6,-14.5,47.1,15.9,-5.5,21.3,-5.5,213.0,24.0,12.0,22.0,69.0,39.0,57.0,39.0
,,38.31054268,-110.0635409,0,10.8,15.8,3.6,934.1,33.6,-9.4,43.0,17.7,15.5,23.0,-1.2,231.0,28.0,10.0,26.0,79.0,44.0,62.0,48.0
,,33.84401016,-108.8979959,0,7.9,21.0,5.3,684.7,28.1,-11.3,39.4,16.4,10.8,16.9,-0.6,407.0,83.0,12.0,68.0,209.0,42.0,176.0,72.0
,,37.26810171,-113.2229078,0,13.2,16.3,4.1,809.5,34.4,-4.7,39.1,4.7,16.6,23.8,3.1,352.0,47.0,10.0,32.0,124.0,54.0,71.0,107.0
,,36.37456372,-108.5404833,0,11.3,17.5,4.1,875.6,33.3,-8.8,42.1,21.8,15.6,22.6,-0.1,201.0,31.0,8.0,42.0,79.0,30.0,65.0,39.0
,,37.13632244,-102.6673061,0,11.9,16.9,4.1,852.8,32.8,-8.2,41.0,20.7,1.1,23.1,1.1,399.0,69.0,8.0,63.0,188.0,26.0,179.0,26.0
,,33.58420189,-110.8184981,0,15.8,15.5,4.4,728.5,34.4,-0.8,35.2,24.8,19.0,25.4,6.9,494.0,80.0,9.0,48.0,179.0,37.0,148.0,151.0
,,36.7818078,-109.4800521,0,11.3,15.7,3.8,885.8,32.9,-8.1,41.0,17.9,15.6,22.9,0.0,242.0,30.0,7.0,32.0,83.0,33.0,64.0,58.0
,,37.2112454,-111.7363995,0,12.2,15.3,3.8,858.8,33.7,-6.2,39.9,22.6,16.3,23.5,1.3,178.0,25.0,7.0,30.0,60.0,28.0,50.0,47.0
,,34.4026199,-103.6766894,0,14.2,16.8,4.3,783.4,33.1,-5.2,38.3,24.2,4.1,24.2,4.1,384.0,69.0,9.0,67.0,191.0,31.0,191.0,31.0
,,39.03646383,-113.8047518,0,10.1,17.9,4.0,885.1,34.1,-9.9,44.0,9.1,-1.0,21.9,-1.0,200.0,21.0,9.0,26.0,62.0,31.0,53.0,31.0
,,41.05874558,-113.2476942,0,10.3,13.8,3.3,942.5,33.4,-8.4,41.8,14.6,-1.6,22.8,-1.6,231.0,31.0,14.0,24.0,80.0,44.0,58.0,44.0
,,36.92258588,-109.8733767,0,12.7,15.5,3.7,916.2,34.6,-6.8,41.4,19.4,17.2,24.6,0.9,196.0,25.0,6.0,32.0,69.0,27.0,52.0,46.0
,,34.49637847,-103.4217821,0,13.7,16.2,4.3,776.8,32.4,-5.2,37.6,23.7,3.7,23.7,3.7,400.0,70.0,10.0,66.0,198.0,34.0,198.0,34.0
,,36.78632436,-108.9969502,0,11.0,16.9,4.0,884.2,33.2,-9.0,42.2,17.6,15.3,22.5,-0.4,233.0,30.0,7.0,33.0,82.0,33.0,62.0,54.0
,,34.1020081,-106.0592925,0,11.9,17.4,4.5,756.6,31.6,-6.4,38.0,20.8,7.1,21.7,2.3,346.0,69.0,13.0,64.0,175.0,46.0,157.0,52.0
,,31.31898752,-108.4181235,0,15.7,18.8,5.0,678.5,35.3,-2.1,37.4,23.2,19.9,24.2,7.1,322.0,76.0,4.0,79.0,182.0,23.0,152.0,60.0
,,35.79810656,-108.6080105,0,10.6,18.0,4.3,842.0,32.0,-9.1,41.1,20.8,14.6,21.5,-0.1,219.0,39.0,9.0,51.0,98.0,30.0,82.0,38.0
,,34.55784745,-107.0490815,0,12.5,19.0,4.6,790.3,33.3,-7.4,40.7,21.8,4.3,22.8,2.4,231.0,48.0,9.0,65.0,120.0,28.0,99.0,31.0
,,41.96466756,-105.2235531,0,7.7,16.1,4.0,837.5,29.9,-10.1,40.0,16.2,-2.7,18.9,-2.7,330.0,62.0,9.0,59.0,154.0,28.0,120.0,28.0
,,32.84013143,-104.8673719,0,14.7,17.0,4.6,725.5,32.6,-4.0,36.6,23.0,7.1,24.1,5.4,318.0,61.0,8.0,69.0,165.0,29.0,146.0,33.0
,,30.22844968,-104.0158712,0,16.1,17.8,5.0,646.0,33.0,-2.3,35.3,23.1,9.1,24.1,7.6,319.0,57.0,6.0,74.0,168.0,24.0,157.0,28.0
,,42.49102608,-108.4729306,0,3.8,14.9,3.5,911.0,26.7,-14.7,41.4,8.0,-7.5,15.9,-7.5,296.0,44.0,17.0,30.0,109.0,57.0,73.0,57.0
,,37.30214967,-115.3947384,0,12.4,16.5,4.2,785.6,33.5,-5.2,38.7,4.3,15.7,22.8,2.8,217.0,23.0,7.0,26.0,68.0,38.0,52.0,62.0
,,38.17921934,-115.8652867,0,10.9,17.3,4.2,806.5,33.0,-7.7,40.7,2.6,14.4,21.6,0.9,208.0,20.0,12.0,13.0,59.0,46.0,50.0,55.0
,,33.37696942,-108.5276521,0,7.0,19.2,5.2,654.0,25.9,-10.8,36.7,15.0,9.8,15.6,-1.2,526.0,101.0,14.0,65.0,264.0,51.0,223.0,107.0
,,38.50077429,-112.7705603,0,6.8,17.6,4.2,815.9,29.6,-11.9,41.5,5.3,14.9,17.7,-3.3,370.0,43.0,19.0,19.0,112.0,82.0,88.0,84.0
,,38.54560804,-113.7544759,0,9.7,18.0,4.1,871.0,33.3,-10.2,43.5,20.5,-1.3,21.2,-1.3,223.0,26.0,12.0,25.0,71.0,38.0,60.0,38.0
,,39.60986045,-105.6687281,0,-2.8,12.1,3.6,752.1,15.1,-18.0,33.1,-5.2,-1.7,7.2,-11.7,805.0,84.0,48.0,16.0,238.0,166.0,209.0,192.0
,,38.24788493,-104.0882485,0,11.3,18.3,4.1,900.0,33.8,-10.3,44.1,23.0,-0.2,23.0,-0.2,280.0,53.0,6.0,65.0,133.0,19.0,133.0,19.0
,,37.42160772,-108.0070867,0,-0.5,14.8,4.2,696.8,18.0,-17.0,35.0,8.2,2.1,8.6,-8.8,887.0,97.0,37.0,24.0,266.0,143.0,227.0,237.0
,,39.43295532,-105.2766959,0,5.2,18.2,4.5,744.1,26.3,-13.5,39.8,15.1,-3.9,15.1,-3.9,448.0,66.0,11.0,47.0,177.0,45.0,177.0,45.0
,,34.55822552,-111.6951318,0,14.2,17.0,4.6,717.4,33.9,-2.6,36.5,23.2,17.1,23.7,5.5,546.0,74.0,10.0,40.0,184.0,55.0,145.0,161.0
,,34.91288304,-111.9245407,0,14.8,17.2,4.6,734.7,34.9,-2.2,37.1,24.0,17.8,24.5,5.9,450.0,60.0,10.0,37.0,154.0,51.0,122.0,123.0
,,33.64682134,-115.4710573,0,20.2,14.8,4.2,742.2,39.1,3.9,35.2,29.7,22.9,30.0,11.2,132.0,23.0,1.0,49.0,49.0,8.0,37.0,42.0
,,31.35335279,-103.7183295,0,18.2,18.3,4.8,746.0,36.5,-1.4,37.9,26.4,10.3,27.6,8.5,294.0,56.0,8.0,60.0,135.0,30.0,114.0,34.0
,,36.77625322,-110.8978118,0,12.1,13.8,3.5,882.4,32.9,-5.9,38.8,22.8,16.3,23.6,0.9,168.0,24.0,6.0,32.0,61.0,25.0,50.0,39.0
,,41.89255444,-108.8395568,0,4.4,15.7,3.6,933.2,27.9,-14.8,42.7,9.0,-7.5,16.6,-7.5,226.0,34.0,12.0,32.0,81.0,39.0,63.0,39.0
,,36.44984222,-100.8616395,0,13.6,15.9,3.8,898.1,34.3,-7.4,41.7,22.7,1.8,25.0,1.8,506.0,81.0,11.0,56.0,227.0,43.0,210.0,43.0
,,34.66740092,-115.9286052,0,20.2,15.4,4.1,788.7,40.3,2.9,37.4,30.0,23.6,30.6,10.5,110.0,19.0,1.0,48.0,43.0,8.0,33.0,34.0
,,33.60228135,-107.6098985,0,10.3,19.4,5.0,705.0,29.7,-8.7,38.4,18.6,5.8,19.5,1.4,336.0,76.0,7.0,82.0,201.0,28.0,163.0,42.0
,,40.12125938,-104.7602773,0,9.8,16.0,3.8,868.0,31.3,-9.9,41.2,18.7,-1.1,21.2,-1.1,370.0,65.0,10.0,54.0,160.0,33.0,131.0,33.0
,,40.25978067,-105.5686933,0,0.9,14.6,4.1,730.9,20.3,-15.0,35.3,-1.2,-3.1,10.5,-7.9,618.0,64.0,38.0,18.0,183.0,128.0,176.0,130.0
,,38.59071051,-106.9563017,0,2.8,19.4,4.0,950.5,26.3,-21.2,47.5,13.7,7.7,14.4,-10.3,340.0,44.0,21.0,24.0,117.0,68.0,105.0,82.0
,,40.6144996,-107.535372,0,5.3,17.5,3.9,923.6,29.2,-15.4,44.6,4.7,-4.9,17.1,-6.8,417.0,41.0,28.0,12.0,115.0,93.0,97.0,95.0
,,35.70280419,-104.3942743,0,12.7,17.8,4.3,813.2,32.8,-7.7,40.5,23.3,2.3,23.3,2.3,355.0,67.0,8.0,68.0,176.0,27.0,176.0,27.0
,,42.19140333,-111.1699428,0,3.9,16.4,3.8,912.9,27.5,-15.4,42.9,8.4,-6.4,15.6,-7.9,345.0,38.0,23.0,14.0,102.0,80.0,82.0,81.0
,,40.43351815,-106.7449098,0,0.5,14.8,4.0,787.1,20.8,-16.1,36.9,-1.4,1.6,10.7,-9.2,575.0,54.0,41.0,9.0,153.0,134.0,149.0,139.0
,,35.74986082,-108.1374678,0,9.5,17.3,4.3,819.5,30.5,-9.7,40.2,19.4,13.5,20.2,-0.9,262.0,47.0,12.0,50.0,117.0,38.0,100.0,47.0
,,40.48651717,-105.7043912,0,-2.7,12.2,3.7,731.9,15.6,-17.2,32.8,-5.2,-1.7,7.0,-11.2,784.0,82.0,47.0,15.0,235.0,163.0,204.0,182.0
,,35.2112213,-112.9649584,0,11.6,18.7,4.9,717.2,32.4,-5.6,38.0,20.6,14.3,21.1,2.8,341.0,60.0,10.0,48.0,140.0,38.0,120.0,84.0
,,31.91272749,-103.1849523,0,17.8,16.9,4.4,772.8,35.8,-2.1,37.9,26.4,9.7,27.5,7.7,300.0,56.0,7.0,60.0,136.0,28.0,119.0,28.0
,,35.20670954,-105.9950238,0,9.9,17.6,4.4,797.6,30.7,-9.1,39.8,19.3,1.4,20.2,-0.4,335.0,64.0,13.0,61.0,164.0,43.0,150.0,43.0
,,36.52950297,-113.1406838,0,11.6,15.7,4.2,763.0,32.0,-5.0,37.0,3.5,14.6,21.7,2.3,366.0,46.0,11.0,32.0,113.0,51.0,96.0,104.0
,,39.14024498,-103.1022869,0,9.1,17.0,3.9,899.6,31.3,-11.3,42.6,18.3,-2.2,21.0,-2.2,391.0,70.0,8.0,68.0,194.0,25.0,181.0,25.0
,,33.59193555,-113.5234698,0,21.1,16.4,4.4,762.7,40.5,3.4,37.1,30.7,24.2,31.0,11.7,186.0,29.0,2.0,49.0,70.0,11.0,49.0,56.0
,,32.48110174,-111.6171221,0,20.7,17.8,4.7,740.5,39.7,2.3,37.4,29.8,24.0,30.3,11.5,291.0,54.0,5.0,57.0,129.0,20.0,105.0,76.0
,,36.34181707,-113.3422324,0,12.6,15.4,4.2,765.8,32.8,-3.8,36.6,22.2,15.6,22.8,3.3,340.0,44.0,10.0,33.0,107.0,46.0,91.0,96.0
,,37.19319712,-108.8235478,0,9.1,15.5,3.8,859.7,30.8,-9.9,40.7,15.7,13.0,20.3,-1.9,357.0,41.0,11.0,27.0,115.0,54.0,87.0,87.0
,,30.57645815,-106.8730491,0,17.5,19.3,5.0,712.8,37.0,-1.3,38.3,25.4,17.3,26.5,8.3,231.0,55.0,5.0,87.0,144.0,19.0,118.0,26.0
,,39.66736102,-115.6129753,0,5.1,15.6,4.0,773.1,26.7,-11.8,38.5,3.0,15.1,15.4,-4.3,393.0,40.0,24.0,15.0,118.0,79.0,84.0,101.0
,,37.89761543,-109.078326,0,7.5,16.0,3.8,862.5,29.6,-11.9,41.5,14.1,11.4,18.7,-3.7,370.0,43.0,13.0,28.0,124.0,61.0,94.0,83.0
,,38.41935501,-115.1818068,0,9.8,18.2,4.3,807.9,32.6,-9.5,42.1,8.7,0.5,20.5,-0.3,242.0,24.0,14.0,13.0,67.0,55.0,59.0,55.0
,,33.17972829,-110.0811104,0,16.9,17.4,4.6,764.0,36.3,-1.4,37.7,26.1,20.5,26.7,7.2,352.0,61.0,8.0,53.0,149.0,26.0,122.0,94.0
,,31.5062335,-108.3618186,0,15.7,18.9,4.9,701.1,35.4,-2.5,37.9,23.6,19.9,24.6,6.8,293.0,68.0,4.0,78.0,166.0,20.0,138.0,55.0
,,42.06398353,-108.4995989,0,4.8,15.7,3.6,932.5,28.4,-14.3,42.7,9.3,-7.1,17.0,-7.1,225.0,35.0,11.0,35.0,85.0,36.0,62.0,36.0
,,36.7353562,-109.8907674,0,12.3,15.1,3.7,893.5,33.7,-6.8,40.5,18.9,16.6,23.9,0.8,209.0,27.0,6.0,33.0,74.0,29.0,57.0,47.0
,,40.8068872,-112.9224576,0,10.3,13.3,3.2,935.1,33.0,-8.0,41.0,14.4,22.0,22.7,-1.4,271.0,33.0,17.0,21.0,89.0,56.0,61.0,57.0
,,39.66392131,-110.5513886,0,7.2,15.1,3.6,914.8,29.4,-12.5,41.9,18.3,-3.3,19.0,-4.6,282.0,32.0,19.0,18.0,89.0,57.0,79.0,58.0
,,36.23442143,-103.1094867,0,12.3,16.6,4.2,813.3,32.1,-7.3,39.4,22.9,1.9,22.9,1.9,383.0,69.0,7.0,71.0,187.0,23.0,187.0,23.0
,,30.55174606,-105.0096201,0,16.0,16.7,4.6,694.8,33.2,-2.4,35.6,23.4,12.0,24.6,6.8,303.0,66.0,6.0,86.0,182.0,19.0,159.0,25.0
,,38.70373765,-109.7731355,0,11.2,15.8,3.6,950.7,34.2,-9.3,43.5,18.1,-1.1,23.5,-1.1,238.0,28.0,11.0,24.0,78.0,48.0,60.0,48.0
,,35.81331628,-111.2601138,0,13.7,16.8,4.0,880.0,35.5,-5.8,41.3,24.3,18.0,25.1,2.4,171.0,29.0,5.0,41.0,69.0,23.0,55.0,36.0
,,34.50367787,-106.0457326,0,10.8,17.8,4.5,769.1,31.3,-7.7,39.0,19.9,2.8,20.8,1.0,348.0,66.0,15.0,57.0,169.0,48.0,152.0,54.0
,,39.20612367,-105.9922137,0,1.1,16.4,4.1,808.8,21.8,-18.1,39.9,11.0,-9.0,11.6,-9.0,414.0,60.0,22.0,35.0,155.0,72.0,154.0,72.0
,,37.86882905,-112.5572445,0,4.4,17.4,4.3,767.9,25.8,-13.8,39.6,14.0,7.4,14.4,-5.2,429.0,54.0,19.0,23.0,134.0,82.0,116.0,102.0
,,38.62612997,-102.977299,0,10.1,17.8,3.9,938.5,32.9,-11.8,44.7,19.8,-1.9,22.3,-1.9,357.0,66.0,7.0,68.0,175.0,24.0,164.0,24.0
,,39.7909614,-114.0305195,0,4.4,16.4,4.1,774.7,26.6,-13.0,39.6,2.1,14.8,14.8,-4.8,434.0,47.0,31.0,12.0,130.0,98.0,98.0,104.0
,,32.50275013,-108.5814306,0,13.0,18.4,4.9,709.0,32.1,-4.9,37.0,21.6,16.6,22.4,4.2,390.0,76.0,8.0,66.0,196.0,31.0,164.0,85.0
,,36.73742103,-109.9534879,0,12.0,14.7,3.6,887.2,33.2,-6.7,39.9,22.7,16.2,23.5,0.6,223.0,29.0,7.0,33.0,78.0,31.0,62.0,51.0
,,37.37358512,-115.2025114,0,14.0,17.3,4.3,809.2,35.7,-4.4,40.1,5.8,17.6,24.7,4.0,178.0,20.0,6.0,25.0,54.0,33.0,43.0,46.0
,,35.84597176,-108.8868109,0,8.1,16.5,4.2,793.2,28.4,-10.4,38.8,17.8,11.7,18.5,-1.9,337.0,53.0,12.0,42.0,136.0,42.0,114.0,71.0
,,37.31151193,-104.2834454,0,10.9,17.2,4.2,819.7,31.6,-8.6,40.2,21.7,0.7,21.7,0.7,351.0,59.0,10.0,54.0,153.0,35.0,153.0,35.0
,,30.97363548,-106.4355678,0,17.0,18.9,4.8,758.7,36.6,-2.2,38.8,25.6,16.8,26.7,7.3,234.0,49.0,4.0,77.0,134.0,22.0,110.0,29.0
,,32.22866559,-110.6185098,0,15.4,14.8,4.6,655.9,32.1,0.0,32.1,23.1,18.6,23.9,7.3,496.0,97.0,7.0,64.0,238.0,34.0,201.0,122.0
,,40.06377429,-107.9556865,0,5.3,18.0,4.1,854.3,28.3,-15.0,43.3,4.2,-5.7,16.3,-5.7,432.0,42.0,29.0,12.0,122.0,94.0,107.0,94.0
,,36.08196775,-115.1490581,0,19.1,14.6,3.7,862.4,39.7,1.0,38.7,10.3,23.0,30.4,8.3,106.0,13.0,2.0,36.0,35.0,13.0,25.0,33.0
,,34.52522456,-102.5349706,0,13.4,16.7,4.2,800.9,32.5,-6.4,38.9,23.6,3.0,23.6,3.0,444.0,74.0,11.0,61.0,203.0,37.0,203.0,37.0
,,39.71513499,-109.9015096,0,7.9,15.7,3.4,985.8,31.3,-13.6,44.9,15.2,-5.2,20.4,-5.2,242.0,26.0,14.0,20.0,78.0,45.0,66.0,45.0
,,34.17411453,-106.5309405,0,11.8,17.7,4.5,762.3,31.6,-6.9,38.5,20.7,7.1,21.7,2.1,321.0,64.0,13.0,64.0,164.0,41.0,142.0,47.0
,,32.70754983,-103.78263,0,16.0,17.3,4.5,757.8,34.5,-3.6,38.1,24.5,7.9,25.6,6.1,358.0,64.0,9.0,66.0,174.0,31.0,155.0,33.0
,,37.71736617,-115.6720894,0,11.8,16.8,4.2,798.4,33.4,-6.4,39.8,3.5,15.1,22.3,1.9,210.0,22.0,9.0,21.0,64.0,41.0,49.0,60.0
